;Product;04/01/2016;05/01/2016;06/01/2016;07/01/2016;08/01/2016;09/01/2016;10/01/2016;11/01/2016;12/01/2016;13/01/2016;14/01/2016;15/01/2016;16/01/2016;17/01/2016;18/01/2016;19/01/2016;20/01/2016;21/01/2016;22/01/2016;23/01/2016;24/01/2016;25/01/2016;26/01/2016;27/01/2016;28/01/2016;29/01/2016;30/01/2016;31/01/2016;01/02/2016;02/02/2016;03/02/2016;04/02/2016;05/02/2016;06/02/2016;07/02/2016;08/02/2016;09/02/2016;10/02/2016;11/02/2016;12/02/2016;13/02/2016;14/02/2016;15/02/2016;16/02/2016;17/02/2016;18/02/2016;19/02/2016;20/02/2016;21/02/2016;22/02/2016;23/02/2016;24/02/2016;25/02/2016;26/02/2016;27/02/2016;28/02/2016;29/02/2016;01/03/2016;02/03/2016;03/03/2016;04/03/2016;05/03/2016;06/03/2016;07/03/2016;08/03/2016;09/03/2016;10/03/2016;11/03/2016;12/03/2016;13/03/2016;14/03/2016;15/03/2016;16/03/2016;17/03/2016;18/03/2016;19/03/2016;20/03/2016;21/03/2016;22/03/2016;23/03/2016;24/03/2016;25/03/2016;26/03/2016;27/03/2016;28/03/2016;29/03/2016;30/03/2016;31/03/2016;01/04/2016;02/04/2016;03/04/2016;04/04/2016;05/04/2016;06/04/2016;07/04/2016;08/04/2016;09/04/2016;10/04/2016;11/04/2016;12/04/2016;13/04/2016;14/04/2016;15/04/2016;16/04/2016;17/04/2016;18/04/2016;19/04/2016;20/04/2016;21/04/2016;22/04/2016;23/04/2016;24/04/2016;25/04/2016;26/04/2016;27/04/2016;28/04/2016;29/04/2016;30/04/2016;01/05/2016;02/05/2016;03/05/2016;04/05/2016;05/05/2016;06/05/2016;07/05/2016;08/05/2016;09/05/2016;10/05/2016;11/05/2016;12/05/2016;13/05/2016;14/05/2016;15/05/2016;16/05/2016;17/05/2016;18/05/2016;19/05/2016;20/05/2016;21/05/2016;22/05/2016;23/05/2016;24/05/2016;25/05/2016;26/05/2016;27/05/2016;28/05/2016;29/05/2016;30/05/2016;31/05/2016;01/06/2016;02/06/2016;03/06/2016;04/06/2016;05/06/2016;06/06/2016;07/06/2016;08/06/2016;09/06/2016;10/06/2016;11/06/2016;12/06/2016;13/06/2016;14/06/2016;15/06/2016;16/06/2016;17/06/2016;18/06/2016;19/06/2016;20/06/2016;21/06/2016;22/06/2016;23/06/2016;24/06/2016;25/06/2016;26/06/2016;27/06/2016;28/06/2016;29/06/2016;30/06/2016;01/07/2016;02/07/2016;03/07/2016;04/07/2016;05/07/2016;06/07/2016;07/07/2016;08/07/2016;09/07/2016;10/07/2016;11/07/2016;12/07/2016;13/07/2016;14/07/2016;15/07/2016;16/07/2016;17/07/2016;18/07/2016;19/07/2016;20/07/2016;21/07/2016;22/07/2016;23/07/2016;24/07/2016;25/07/2016;26/07/2016;27/07/2016;28/07/2016;29/07/2016;30/07/2016;31/07/2016;01/08/2016;02/08/2016;03/08/2016;04/08/2016;05/08/2016;06/08/2016;07/08/2016;08/08/2016;09/08/2016;10/08/2016;11/08/2016;12/08/2016;13/08/2016;14/08/2016;15/08/2016;16/08/2016;17/08/2016;18/08/2016;19/08/2016;20/08/2016;21/08/2016;22/08/2016;23/08/2016;24/08/2016;25/08/2016;26/08/2016;27/08/2016;28/08/2016;29/08/2016;30/08/2016;31/08/2016;01/09/2016;02/09/2016;03/09/2016;04/09/2016;05/09/2016;06/09/2016;07/09/2016;08/09/2016;09/09/2016;10/09/2016;11/09/2016;12/09/2016;13/09/2016;14/09/2016;15/09/2016;16/09/2016;17/09/2016;18/09/2016;19/09/2016;20/09/2016;21/09/2016;22/09/2016;23/09/2016;24/09/2016;25/09/2016;26/09/2016;27/09/2016;28/09/2016;29/09/2016;30/09/2016;01/10/2016;02/10/2016;03/10/2016;04/10/2016;05/10/2016;06/10/2016;07/10/2016;08/10/2016;09/10/2016;10/10/2016;11/10/2016;12/10/2016;13/10/2016;14/10/2016;15/10/2016;16/10/2016;17/10/2016;18/10/2016;19/10/2016;20/10/2016;21/10/2016;22/10/2016;23/10/2016;24/10/2016;25/10/2016;26/10/2016;27/10/2016;28/10/2016;29/10/2016;30/10/2016;31/10/2016;01/11/2016;02/11/2016;03/11/2016;04/11/2016;05/11/2016;06/11/2016;07/11/2016;08/11/2016;09/11/2016;10/11/2016;11/11/2016;12/11/2016;13/11/2016;14/11/2016;15/11/2016;16/11/2016;17/11/2016;18/11/2016;19/11/2016;20/11/2016;21/11/2016;22/11/2016;23/11/2016;24/11/2016;25/11/2016;26/11/2016;27/11/2016;28/11/2016;29/11/2016;30/11/2016;01/12/2016;02/12/2016;03/12/2016;04/12/2016;05/12/2016;06/12/2016;07/12/2016;08/12/2016;09/12/2016;10/12/2016;11/12/2016;12/12/2016;13/12/2016;14/12/2016;15/12/2016;16/12/2016;17/12/2016;18/12/2016;19/12/2016;20/12/2016;21/12/2016;22/12/2016;23/12/2016;24/12/2016;25/12/2016;26/12/2016;27/12/2016;28/12/2016;29/12/2016;30/12/2016;31/12/2016;01/01/2017;02/01/2017;03/01/2017;04/01/2017;05/01/2017;06/01/2017;07/01/2017;08/01/2017;09/01/2017;10/01/2017;11/01/2017;12/01/2017;13/01/2017;14/01/2017;15/01/2017;16/01/2017;17/01/2017;18/01/2017;19/01/2017;20/01/2017;21/01/2017;22/01/2017;23/01/2017;24/01/2017;25/01/2017;26/01/2017;27/01/2017;28/01/2017;29/01/2017;30/01/2017;31/01/2017;01/02/2017;02/02/2017;03/02/2017;04/02/2017;05/02/2017;06/02/2017;07/02/2017;08/02/2017;09/02/2017;10/02/2017;11/02/2017;12/02/2017;13/02/2017;14/02/2017;15/02/2017;16/02/2017;17/02/2017;18/02/2017;19/02/2017;20/02/2017;21/02/2017;22/02/2017;23/02/2017;24/02/2017;25/02/2017;26/02/2017;27/02/2017;28/02/2017;01/03/2017;02/03/2017;03/03/2017;04/03/2017;05/03/2017;06/03/2017;07/03/2017;08/03/2017;09/03/2017;10/03/2017;11/03/2017;12/03/2017;13/03/2017;14/03/2017;15/03/2017;16/03/2017;17/03/2017;18/03/2017;19/03/2017;20/03/2017;21/03/2017;22/03/2017;23/03/2017;24/03/2017;25/03/2017;26/03/2017;27/03/2017;28/03/2017;29/03/2017;30/03/2017;31/03/2017;01/04/2017;02/04/2017;03/04/2017;04/04/2017;05/04/2017;06/04/2017;07/04/2017;08/04/2017;09/04/2017;10/04/2017;11/04/2017;12/04/2017;13/04/2017;14/04/2017;15/04/2017;16/04/2017;17/04/2017;18/04/2017;19/04/2017;20/04/2017;21/04/2017;22/04/2017;23/04/2017;24/04/2017;25/04/2017;26/04/2017;27/04/2017;28/04/2017;29/04/2017;30/04/2017;01/05/2017;02/05/2017;03/05/2017;04/05/2017;05/05/2017;06/05/2017;07/05/2017;08/05/2017;09/05/2017;10/05/2017;11/05/2017;12/05/2017;13/05/2017;14/05/2017;15/05/2017;16/05/2017;17/05/2017;18/05/2017;19/05/2017;20/05/2017;21/05/2017;22/05/2017;23/05/2017;24/05/2017;25/05/2017;26/05/2017;27/05/2017;28/05/2017;29/05/2017;30/05/2017;31/05/2017;01/06/2017;02/06/2017;03/06/2017;04/06/2017;05/06/2017;06/06/2017;07/06/2017;08/06/2017;09/06/2017;10/06/2017;11/06/2017;12/06/2017;13/06/2017;14/06/2017;15/06/2017;16/06/2017;17/06/2017;18/06/2017;19/06/2017;20/06/2017;21/06/2017;22/06/2017;23/06/2017;24/06/2017;25/06/2017;26/06/2017;27/06/2017;28/06/2017;29/06/2017;30/06/2017;01/07/2017;02/07/2017;03/07/2017;04/07/2017;05/07/2017;06/07/2017;07/07/2017;08/07/2017;09/07/2017;10/07/2017;11/07/2017;12/07/2017;13/07/2017;14/07/2017;15/07/2017;16/07/2017;17/07/2017;18/07/2017;19/07/2017;20/07/2017;21/07/2017;22/07/2017;23/07/2017;24/07/2017;25/07/2017;26/07/2017;27/07/2017;28/07/2017;29/07/2017;30/07/2017;31/07/2017;01/08/2017;02/08/2017;03/08/2017;04/08/2017;05/08/2017;06/08/2017;07/08/2017;08/08/2017;09/08/2017;10/08/2017;11/08/2017;12/08/2017;13/08/2017;14/08/2017;15/08/2017;16/08/2017;17/08/2017;18/08/2017;19/08/2017;20/08/2017;21/08/2017;22/08/2017;23/08/2017;24/08/2017;25/08/2017;26/08/2017;27/08/2017;28/08/2017;29/08/2017;30/08/2017;31/08/2017;01/09/2017;02/09/2017;03/09/2017;04/09/2017;05/09/2017;06/09/2017;07/09/2017;08/09/2017;09/09/2017;10/09/2017;11/09/2017;12/09/2017;13/09/2017;14/09/2017;15/09/2017;16/09/2017;17/09/2017;18/09/2017;19/09/2017;20/09/2017;21/09/2017;22/09/2017;23/09/2017;24/09/2017;25/09/2017;26/09/2017;27/09/2017;28/09/2017;29/09/2017;30/09/2017;01/10/2017;02/10/2017;03/10/2017;04/10/2017;05/10/2017;06/10/2017;07/10/2017;08/10/2017;09/10/2017;10/10/2017;11/10/2017;12/10/2017;13/10/2017;14/10/2017;15/10/2017;16/10/2017;17/10/2017;18/10/2017;19/10/2017;20/10/2017;21/10/2017;22/10/2017;23/10/2017;24/10/2017;25/10/2017;26/10/2017;27/10/2017;28/10/2017;29/10/2017;30/10/2017;31/10/2017;01/11/2017;02/11/2017;03/11/2017;04/11/2017;05/11/2017;06/11/2017;07/11/2017;08/11/2017;09/11/2017;10/11/2017;11/11/2017;12/11/2017;13/11/2017;14/11/2017;15/11/2017;16/11/2017;17/11/2017;18/11/2017;19/11/2017;20/11/2017;21/11/2017;22/11/2017;23/11/2017;24/11/2017;25/11/2017;26/11/2017;27/11/2017;28/11/2017;29/11/2017;30/11/2017;01/12/2017;02/12/2017;03/12/2017;04/12/2017;05/12/2017;06/12/2017;07/12/2017;08/12/2017;09/12/2017;10/12/2017;11/12/2017;12/12/2017;13/12/2017;14/12/2017;15/12/2017;16/12/2017;17/12/2017;18/12/2017;19/12/2017;20/12/2017;21/12/2017;22/12/2017;23/12/2017;24/12/2017;25/12/2017;26/12/2017;27/12/2017;28/12/2017;29/12/2017;30/12/2017;31/12/2017;01/01/2018;02/01/2018;03/01/2018;04/01/2018;05/01/2018;06/01/2018;07/01/2018;08/01/2018;09/01/2018;10/01/2018;11/01/2018;12/01/2018;13/01/2018;14/01/2018;15/01/2018;16/01/2018;17/01/2018;18/01/2018;19/01/2018;20/01/2018;21/01/2018;22/01/2018;23/01/2018
4;GBA001BND250FS;8.0;0.0;0.0;8.0;0.0;0.0;0.0;8.0;0.0;0.0;8.0;0.0;0.0;0.0;12.0;0.0;0.0;8.0;0.0;0.0;0.0;8.0;0.0;0.0;0.0;0.0;0.0;0.0;6.0;0.0;0.0;0.0;0.0;0.0;0.0;8.0;0.0;0.0;0.0;0.0;6.0;0.0;8.0;0.0;0.0;6.0;0.0;6.0;0.0;8.0;0.0;0.0;6.0;0.0;6.0;0.0;6.0;0.0;0.0;6.0;0.0;6.0;0.0;6.0;0.0;0.0;0.0;0.0;6.0;0.0;6.0;0.0;0.0;6.0;0.0;0.0;0.0;6.0;0.0;0.0;6.0;0.0;6.0;0.0;6.0;0.0;0.0;6.0;0.0;6.0;0.0;6.0;0.0;0.0;6.0;0.0;6.0;0.0;6.0;0.0;6.0;0.0;0.0;6.0;0.0;6.0;0.0;0.0;6.0;0.0;6.0;0.0;6.0;0.0;0.0;6.0;0.0;6.0;0.0;6.0;0.0;0.0;6.0;0.0;6.0;0.0;6.0;0.0;0.0;6.0;0.0;6.0;0.0;6.0;0.0;0.0;6.0;0.0;6.0;0.0;6.0;0.0;0.0;6.0;0.0;6.0;0.0;6.0;0.0;0.0;8.0;0.0;6.0;0.0;6.0;0.0;0.0;8.0;0.0;6.0;0.0;6.0;0.0;0.0;8.0;0.0;6.0;0.0;6.0;0.0;0.0;0.0;0.0;6.0;6.0;0.0;0.0;0.0;8.0;0.0;6.0;0.0;6.0;0.0;0.0;8.0;0.0;6.0;0.0;8.0;0.0;0.0;8.0;0.0;0.0;0.0;4.0;0.0;0.0;10.0;0.0;0.0;0.0;4.0;0.0;0.0;10.0;0.0;0.0;0.0;4.0;0.0;0.0;10.0;0.0;0.0;0.0;4.0;0.0;0.0;10.0;0.0;0.0;0.0;4.0;0.0;0.0;10.0;0.0;0.0;0.0;4.0;0.0;0.0;10.0;0.0;0.0;0.0;4.0;0.0;0.0;6.0;0.0;0.0;0.0;4.0;0.0;0.0;4.0;0.0;0.0;0.0;4.0;0.0;0.0;4.0;0.0;4.0;0.0;4.0;0.0;0.0;4.0;0.0;4.0;0.0;4.0;0.0;0.0;4.0;0.0;4.0;0.0;4.0;0.0;0.0;4.0;0.0;4.0;0.0;4.0;0.0;0.0;4.0;0.0;4.0;0.0;0.0;0.0;0.0;0.0;0.0;0.0;0.0;4.0;0.0;0.0;16.0;0.0;12.0;0.0;10.0;0.0;0.0;0.0;0.0;8.0;0.0;10.0;0.0;0.0;0.0;0.0;8.0;0.0;0.0;0.0;0.0;6.0;0.0;4.0;0.0;6.0;0.0;0.0;6.0;0.0;4.0;0.0;0.0;0.0;0.0;0.0;0.0;0.0;0.0;0.0;0.0;0.0;0.0;0.0;0.0;0.0;0.0;0.0;0.0;10.0;0.0;0.0;0.0;0.0;0.0;0.0;6.0;0.0;4.0;0.0;6.0;0.0;0.0;6.0;0.0;4.0;0.0;6.0;0.0;0.0;6.0;0.0;4.0;0.0;6.0;0.0;0.0;6.0;0.0;4.0;0.0;4.0;0.0;0.0;6.0;0.0;4.0;0.0;4.0;0.0;0.0;6.0;0.0;4.0;0.0;4.0;0.0;0.0;6.0;0.0;4.0;0.0;4.0;0.0;0.0;6.0;0.0;4.0;0.0;4.0;0.0;0.0;6.0;0.0;4.0;0.0;4.0;0.0;0.0;0.0;0.0;4.0;0.0;4.0;0.0;0.0;6.0;0.0;4.0;0.0;4.0;0.0;0.0;0.0;0.0;4.0;4.0;0.0;0.0;0.0;6.0;0.0;4.0;0.0;4.0;0.0;0.0;6.0;0.0;4.0;0.0;4.0;0.0;0.0;0.0;0.0;4.0;0.0;4.0;0.0;0.0;6.0;0.0;4.0;0.0;4.0;0.0;0.0;6.0;0.0;4.0;0.0;4.0;0.0;0.0;6.0;0.0;4.0;0.0;4.0;0.0;0.0;6.0;0.0;4.0;0.0;4.0;0.0;0.0;6.0;0.0;6.0;0.0;4.0;0.0;0.0;6.0;0.0;6.0;0.0;4.0;0.0;0.0;6.0;0.0;6.0;0.0;4.0;0.0;0.0;6.0;0.0;6.0;0.0;4.0;0.0;0.0;6.0;0.0;6.0;0.0;4.0;0.0;0.0;6.0;0.0;6.0;0.0;4.0;0.0;0.0;6.0;0.0;6.0;0.0;4.0;0.0;0.0;4.0;0.0;4.0;0.0;4.0;0.0;0.0;6.0;0.0;4.0;0.0;4.0;0.0;0.0;6.0;0.0;4.0;0.0;4.0;0.0;0.0;6.0;0.0;4.0;0.0;4.0;0.0;0.0;6.0;0.0;4.0;0.0;4.0;0.0;0.0;6.0;0.0;4.0;0.0;4.0;0.0;0.0;6.0;0.0;4.0;0.0;6.0;0.0;0.0;6.0;0.0;4.0;0.0;6.0;0.0;0.0;6.0;0.0;4.0;0.0;4.0;0.0;0.0;6.0;0.0;4.0;0.0;4.0;0.0;0.0;6.0;0.0;4.0;0.0;4.0;0.0;0.0;6.0;0.0;4.0;0.0;4.0;0.0;0.0;6.0;0.0;4.0;0.0;4.0;0.0;0.0;6.0;0.0;4.0;0.0;4.0;0.0;0.0;6.0;0.0;4.0;0.0;4.0;0.0;0.0;6.0;0.0;4.0;0.0;6.0;0.0;0.0;6.0;0.0;4.0;0.0;6.0;0.0;0.0;6.0;0.0;4.0;0.0;6.0;0.0;0.0;6.0;0.0;4.0;0.0;10.0;0.0;0.0;0.0;0.0;12.0;0.0;0.0;10.0;0.0;0.0;0.0;12.0;0.0;0.0;6.0;0.0;6.0;0.0;6.0;0.0;6.0;0.0;0.0;6.0;0.0;6.0;0.0;6.0;0.0;0.0;0.0;0.0;0.0;0.0;0.0;0.0;0.0;0.0;0.0;0.0;0.0;0.0;0.0;0.0;0.0;0.0;0.0;0.0;0.0;0.0;0.0;0.0;0.0;0.0;0.0;0.0;0.0;0.0;0.0;0.0;0.0;0.0;0.0;0.0;0.0;0.0;0.0;0.0;0.0;0.0;0.0;0.0;0.0;0.0;0.0;0.0;0.0;0.0;0.0;0.0;0.0;0.0;0.0;0.0;0.0
60;GCH002BNR2K0FS;0.0;0.0;0.0;0.0;0.0;0.0;0.0;0.0;60.0;0.0;0.0;0.0;38.0;0.0;0.0;18.0;0.0;0.0;0.0;0.0;0.0;0.0;60.0;0.0;0.0;0.0;0.0;0.0;0.0;0.0;0.0;0.0;0.0;0.0;0.0;0.0;60.0;0.0;0.0;0.0;60.0;0.0;0.0;0.0;0.0;0.0;0.0;24.0;0.0;0.0;56.0;0.0;0.0;0.0;0.0;0.0;0.0;0.0;0.0;0.0;0.0;0.0;0.0;0.0;64.0;0.0;0.0;0.0;60.0;0.0;0.0;0.0;0.0;0.0;0.0;18.0;0.0;0.0;60.0;0.0;0.0;0.0;0.0;0.0;0.0;0.0;0.0;0.0;0.0;0.0;0.0;0.0;60.0;0.0;0.0;0.0;60.0;0.0;0.0;0.0;0.0;0.0;0.0;18.0;0.0;0.0;0.0;0.0;0.0;0.0;0.0;0.0;0.0;0.0;0.0;0.0;0.0;0.0;0.0;0.0;18.0;0.0;0.0;0.0;12.0;0.0;0.0;0.0;0.0;0.0;0.0;2.0;0.0;0.0;0.0;0.0;0.0;0.0;0.0;0.0;0.0;0.0;0.0;0.0;0.0;0.0;0.0;0.0;0.0;0.0;0.0;0.0;0.0;0.0;0.0;0.0;0.0;0.0;0.0;0.0;0.0;0.0;0.0;0.0;0.0;0.0;0.0;0.0;0.0;0.0;0.0;0.0;0.0;0.0;0.0;0.0;0.0;0.0;0.0;0.0;0.0;0.0;0.0;0.0;0.0;0.0;0.0;0.0;0.0;0.0;0.0;0.0;0.0;0.0;0.0;0.0;0.0;0.0;0.0;0.0;0.0;0.0;0.0;0.0;0.0;0.0;0.0;0.0;0.0;0.0;0.0;0.0;0.0;0.0;0.0;0.0;0.0;0.0;60.0;60.0;0.0;0.0;0.0;0.0;0.0;0.0;0.0;0.0;2.0;0.0;0.0;0.0;60.0;0.0;0.0;0.0;60.0;0.0;0.0;0.0;0.0;0.0;0.0;0.0;0.0;0.0;0.0;50.0;0.0;0.0;0.0;0.0;0.0;0.0;24.0;0.0;0.0;0.0;0.0;0.0;60.0;0.0;0.0;0.0;42.0;0.0;0.0;20.0;0.0;0.0;0.0;0.0;0.0;0.0;0.0;42.0;60.0;0.0;0.0;0.0;0.0;20.0;0.0;0.0;0.0;0.0;0.0;0.0;0.0;0.0;0.0;0.0;42.0;0.0;0.0;20.0;0.0;0.0;0.0;0.0;0.0;0.0;0.0;0.0;0.0;0.0;0.0;0.0;0.0;0.0;0.0;0.0;0.0;0.0;0.0;0.0;0.0;0.0;0.0;0.0;42.0;0.0;0.0;20.0;0.0;0.0;0.0;0.0;0.0;0.0;66.0;0.0;60.0;0.0;0.0;0.0;0.0;32.0;0.0;0.0;0.0;0.0;0.0;0.0;60.0;0.0;0.0;0.0;42.0;0.0;0.0;20.0;0.0;0.0;0.0;0.0;0.0;0.0;42.0;0.0;60.0;0.0;0.0;0.0;0.0;20.0;0.0;0.0;0.0;0.0;0.0;0.0;60.0;0.0;0.0;0.0;42.0;0.0;0.0;20.0;0.0;0.0;0.0;0.0;0.0;0.0;42.0;0.0;60.0;0.0;0.0;0.0;0.0;22.0;0.0;0.0;0.0;0.0;0.0;0.0;86.0;0.0;0.0;0.0;18.0;0.0;0.0;0.0;0.0;0.0;0.0;0.0;0.0;0.0;0.0;0.0;0.0;0.0;0.0;0.0;0.0;0.0;0.0;0.0;0.0;0.0;0.0;86.0;0.0;0.0;0.0;16.0;0.0;0.0;0.0;0.0;0.0;0.0;0.0;0.0;0.0;0.0;66.0;0.0;0.0;0.0;64.0;0.0;0.0;0.0;0.0;0.0;0.0;0.0;0.0;0.0;84.0;0.0;0.0;0.0;0.0;0.0;0.0;0.0;0.0;0.0;0.0;4.0;0.0;0.0;20.0;0.0;0.0;0.0;20.0;0.0;0.0;0.0;0.0;0.0;0.0;0.0;0.0;0.0;20.0;0.0;0.0;0.0;4.0;0.0;0.0;0.0;0.0;0.0;0.0;0.0;0.0;0.0;0.0;0.0;0.0;0.0;0.0;0.0;0.0;0.0;0.0;0.0;0.0;0.0;0.0;0.0;0.0;0.0;0.0;0.0;0.0;0.0;0.0;0.0;0.0;0.0;0.0;0.0;0.0;0.0;0.0;0.0;0.0;0.0;0.0;0.0;0.0;0.0;0.0;0.0;0.0;0.0;0.0;0.0;0.0;0.0;0.0;0.0;0.0;0.0;0.0;0.0;0.0;0.0;0.0;0.0;0.0;0.0;0.0;0.0;0.0;0.0;0.0;0.0;0.0;0.0;0.0;0.0;0.0;0.0;0.0;4.0;20.0;0.0;0.0;0.0;30.0;0.0;32.0;12.0;4.0;6.0;0.0;6.0;0.0;0.0;66.0;0.0;0.0;0.0;82.0;0.0;0.0;6.0;6.0;0.0;0.0;0.0;0.0;4.0;76.0;0.0;0.0;38.0;4.0;0.0;0.0;16.0;0.0;0.0;0.0;0.0;0.0;0.0;0.0;0.0;0.0;0.0;0.0;0.0;0.0;0.0;0.0;0.0;0.0;0.0;0.0;0.0;0.0;0.0;0.0;0.0;0.0;0.0;0.0;24.0;0.0;0.0;0.0;0.0;0.0;0.0;48.0;0.0;0.0;0.0;0.0;0.0;0.0;20.0;0.0;0.0;0.0;0.0;0.0;64.0;0.0;0.0;0.0;0.0;44.0;0.0;0.0;22.0;0.0;0.0;0.0;0.0;0.0;0.0;0.0;0.0;0.0;0.0;0.0;0.0;0.0;0.0;0.0;0.0;0.0;0.0;0.0;0.0;0.0;0.0;0.0;0.0;20.0;0.0;0.0;0.0;0.0;0.0;0.0;0.0;0.0;0.0;0.0;0.0;0.0;0.0;0.0;0.0;0.0;0.0;0.0;0.0;0.0;0.0;0.0;0.0;0.0;0.0;0.0;0.0;0.0;0.0;0.0;0.0;0.0;0.0;0.0;0.0;0.0;0.0;0.0;0.0;0.0;0.0;0.0;0.0;0.0;0.0;0.0;0.0;0.0;0.0;0.0;0.0;0.0;0.0;0.0;0.0;0.0;0.0;0.0;0.0;0.0;0.0;0.0;0.0;0.0;0.0;0.0
64;GCH006BNR1K2FS;6.0;0.0;0.0;0.0;0.0;0.0;0.0;0.0;0.0;0.0;0.0;0.0;0.0;0.0;0.0;0.0;0.0;0.0;0.0;0.0;0.0;0.0;0.0;0.0;0.0;0.0;0.0;0.0;0.0;2.0;0.0;0.0;0.0;0.0;0.0;0.0;2.0;0.0;0.0;0.0;0.0;0.0;0.0;2.0;0.0;2.0;0.0;0.0;0.0;0.0;2.0;0.0;2.0;0.0;0.0;0.0;0.0;2.0;0.0;4.0;2.0;0.0;0.0;0.0;0.0;0.0;4.0;0.0;0.0;0.0;0.0;0.0;0.0;4.0;0.0;0.0;0.0;0.0;0.0;0.0;6.0;0.0;0.0;0.0;0.0;0.0;0.0;28.0;0.0;2.0;0.0;0.0;0.0;0.0;6.0;0.0;2.0;0.0;0.0;0.0;2.0;0.0;0.0;0.0;0.0;0.0;2.0;0.0;2.0;0.0;2.0;0.0;0.0;2.0;0.0;4.0;0.0;2.0;0.0;0.0;2.0;0.0;4.0;0.0;2.0;0.0;0.0;2.0;0.0;6.0;0.0;2.0;0.0;0.0;2.0;0.0;6.0;0.0;2.0;0.0;0.0;0.0;0.0;6.0;0.0;2.0;0.0;0.0;2.0;0.0;6.0;0.0;2.0;0.0;0.0;4.0;0.0;4.0;0.0;2.0;0.0;0.0;4.0;0.0;4.0;0.0;2.0;0.0;0.0;4.0;0.0;8.0;0.0;0.0;4.0;0.0;0.0;0.0;2.0;0.0;2.0;0.0;0.0;4.0;0.0;4.0;0.0;2.0;0.0;0.0;2.0;0.0;6.0;0.0;0.0;0.0;0.0;0.0;0.0;6.0;0.0;0.0;0.0;0.0;2.0;0.0;6.0;0.0;0.0;0.0;0.0;0.0;0.0;2.0;0.0;0.0;0.0;0.0;0.0;0.0;2.0;0.0;0.0;0.0;0.0;0.0;0.0;0.0;0.0;0.0;0.0;0.0;0.0;0.0;4.0;0.0;0.0;0.0;0.0;0.0;0.0;0.0;0.0;0.0;0.0;0.0;0.0;0.0;0.0;0.0;0.0;0.0;0.0;0.0;0.0;0.0;0.0;0.0;0.0;0.0;0.0;0.0;0.0;0.0;0.0;0.0;0.0;0.0;0.0;0.0;0.0;0.0;0.0;0.0;0.0;0.0;0.0;0.0;0.0;0.0;0.0;0.0;0.0;0.0;0.0;0.0;0.0;0.0;0.0;0.0;0.0;0.0;0.0;0.0;0.0;0.0;0.0;0.0;0.0;0.0;0.0;0.0;0.0;0.0;0.0;0.0;0.0;0.0;0.0;0.0;0.0;0.0;0.0;0.0;0.0;0.0;0.0;0.0;0.0;0.0;0.0;0.0;0.0;0.0;0.0;0.0;0.0;0.0;0.0;0.0;0.0;0.0;0.0;0.0;0.0;0.0;0.0;0.0;0.0;0.0;0.0;0.0;0.0;0.0;0.0;0.0;0.0;0.0;0.0;0.0;0.0;0.0;0.0;0.0;0.0;12.0;0.0;0.0;0.0;0.0;0.0;0.0;0.0;0.0;0.0;0.0;0.0;0.0;0.0;0.0;0.0;0.0;0.0;0.0;0.0;0.0;0.0;0.0;0.0;0.0;0.0;0.0;0.0;0.0;0.0;0.0;0.0;0.0;0.0;0.0;0.0;0.0;0.0;0.0;0.0;0.0;0.0;0.0;0.0;2.0;0.0;0.0;2.0;0.0;0.0;0.0;2.0;0.0;0.0;2.0;0.0;2.0;0.0;0.0;0.0;0.0;2.0;0.0;0.0;0.0;2.0;2.0;0.0;2.0;0.0;2.0;0.0;0.0;0.0;2.0;2.0;0.0;0.0;0.0;0.0;2.0;0.0;2.0;0.0;0.0;0.0;0.0;2.0;0.0;2.0;0.0;0.0;0.0;2.0;14.0;0.0;2.0;0.0;0.0;0.0;0.0;0.0;0.0;2.0;0.0;0.0;0.0;2.0;4.0;0.0;0.0;0.0;0.0;0.0;0.0;2.0;0.0;2.0;0.0;0.0;0.0;0.0;2.0;0.0;2.0;0.0;0.0;0.0;0.0;4.0;0.0;2.0;0.0;0.0;0.0;0.0;4.0;0.0;4.0;0.0;8.0;0.0;0.0;4.0;0.0;4.0;0.0;0.0;0.0;0.0;4.0;0.0;4.0;2.0;0.0;0.0;2.0;4.0;0.0;4.0;0.0;2.0;0.0;0.0;0.0;0.0;2.0;0.0;0.0;0.0;0.0;0.0;0.0;2.0;0.0;2.0;0.0;2.0;0.0;0.0;4.0;0.0;4.0;0.0;2.0;0.0;0.0;0.0;0.0;0.0;0.0;2.0;0.0;0.0;2.0;0.0;0.0;0.0;0.0;0.0;0.0;0.0;0.0;0.0;0.0;0.0;2.0;2.0;0.0;0.0;0.0;0.0;0.0;0.0;0.0;0.0;0.0;0.0;0.0;0.0;0.0;0.0;2.0;0.0;0.0;0.0;0.0;0.0;0.0;0.0;0.0;0.0;0.0;0.0;0.0;0.0;0.0;0.0;0.0;0.0;0.0;0.0;0.0;0.0;0.0;0.0;0.0;0.0;0.0;0.0;0.0;0.0;0.0;0.0;0.0;0.0;0.0;0.0;0.0;0.0;0.0;0.0;0.0;0.0;0.0;0.0;0.0;0.0;0.0;0.0;0.0;0.0;0.0;0.0;0.0;0.0;0.0;0.0;0.0;0.0;0.0;0.0;0.0;0.0;0.0;0.0;0.0;2.0;0.0;0.0;0.0;0.0;0.0;0.0;0.0;0.0;0.0;0.0;0.0;0.0;0.0;0.0;0.0;0.0;0.0;0.0;0.0;0.0;0.0;0.0;0.0;0.0;0.0;0.0;0.0;0.0;0.0;0.0;0.0;0.0;0.0;0.0;0.0;0.0;0.0;0.0;0.0;0.0;0.0;0.0;0.0;0.0;0.0;0.0;0.0;0.0;0.0;0.0;0.0;0.0;0.0;0.0;0.0;0.0;0.0;0.0;0.0;0.0;0.0;0.0;0.0;0.0;0.0;0.0;0.0;0.0;0.0;0.0;0.0;0.0;0.0;0.0;0.0;0.0;0.0;0.0;0.0;0.0;0.0;0.0;0.0;0.0;0.0;0.0;0.0;0.0;0.0;0.0;0.0;0.0;0.0;0.0;0.0;0.0;0.0;0.0;0.0;0.0;0.0;0.0;0.0;0.0;0.0;0.0;0.0;0.0
83;GCO002BND250FS;50.0;0.0;0.0;50.0;0.0;44.0;0.0;56.0;0.0;0.0;56.0;0.0;44.0;0.0;70.0;0.0;0.0;44.0;44.0;0.0;0.0;56.0;0.0;0.0;50.0;0.0;50.0;0.0;44.0;0.0;0.0;60.0;0.0;56.0;0.0;64.0;0.0;0.0;60.0;0.0;50.0;0.0;56.0;0.0;0.0;48.0;0.0;56.0;0.0;66.0;0.0;0.0;56.0;0.0;60.0;0.0;70.0;0.0;0.0;60.0;0.0;66.0;0.0;80.0;0.0;0.0;0.0;0.0;66.0;0.0;70.0;0.0;0.0;60.0;0.0;0.0;0.0;60.0;0.0;0.0;60.0;0.0;66.0;0.0;60.0;0.0;0.0;66.0;0.0;66.0;0.0;60.0;0.0;0.0;60.0;0.0;66.0;0.0;60.0;0.0;66.0;0.0;0.0;66.0;0.0;60.0;0.0;0.0;60.0;0.0;52.0;0.0;60.0;0.0;0.0;60.0;0.0;52.0;0.0;66.0;0.0;0.0;60.0;0.0;52.0;0.0;66.0;0.0;0.0;60.0;0.0;52.0;0.0;66.0;0.0;0.0;76.0;0.0;70.0;0.0;76.0;0.0;0.0;64.0;0.0;70.0;0.0;76.0;0.0;0.0;64.0;0.0;70.0;0.0;86.0;0.0;0.0;66.0;0.0;70.0;0.0;80.0;0.0;0.0;68.0;0.0;60.0;0.0;60.0;0.0;0.0;40.0;0.0;60.0;80.0;0.0;0.0;0.0;68.0;0.0;50.0;0.0;70.0;0.0;0.0;60.0;0.0;44.0;0.0;64.0;0.0;0.0;64.0;0.0;50.0;0.0;64.0;0.0;0.0;70.0;0.0;60.0;0.0;64.0;0.0;0.0;50.0;0.0;40.0;0.0;50.0;0.0;0.0;70.0;0.0;70.0;0.0;60.0;0.0;0.0;56.0;0.0;50.0;0.0;60.0;0.0;0.0;60.0;0.0;60.0;0.0;76.0;0.0;0.0;70.0;0.0;70.0;0.0;70.0;0.0;0.0;60.0;0.0;40.0;0.0;20.0;0.0;0.0;60.0;0.0;56.0;0.0;60.0;0.0;0.0;60.0;0.0;56.0;0.0;60.0;0.0;0.0;60.0;0.0;56.0;0.0;70.0;0.0;0.0;60.0;0.0;48.0;0.0;44.0;0.0;0.0;50.0;0.0;40.0;0.0;40.0;0.0;0.0;50.0;0.0;40.0;0.0;0.0;0.0;0.0;0.0;0.0;0.0;0.0;40.0;0.0;0.0;80.0;0.0;80.0;0.0;80.0;0.0;0.0;70.0;0.0;80.0;0.0;70.0;0.0;0.0;70.0;0.0;64.0;0.0;70.0;0.0;0.0;70.0;0.0;50.0;0.0;60.0;0.0;0.0;64.0;0.0;56.0;0.0;70.0;0.0;0.0;0.0;0.0;0.0;0.0;0.0;0.0;0.0;0.0;0.0;0.0;0.0;40.0;0.0;0.0;0.0;0.0;0.0;0.0;0.0;0.0;0.0;80.0;0.0;70.0;0.0;80.0;0.0;0.0;80.0;0.0;70.0;0.0;60.0;0.0;0.0;70.0;0.0;40.0;0.0;70.0;0.0;0.0;80.0;0.0;30.0;0.0;50.0;0.0;0.0;50.0;0.0;30.0;0.0;50.0;0.0;0.0;50.0;0.0;50.0;0.0;34.0;0.0;0.0;30.0;0.0;50.0;0.0;34.0;0.0;0.0;40.0;0.0;44.0;0.0;50.0;0.0;0.0;70.0;0.0;70.0;0.0;50.0;0.0;0.0;70.0;0.0;60.0;0.0;64.0;0.0;0.0;50.0;0.0;40.0;0.0;44.0;0.0;0.0;70.0;0.0;44.0;50.0;0.0;0.0;0.0;50.0;0.0;50.0;0.0;50.0;0.0;0.0;50.0;0.0;50.0;0.0;50.0;0.0;0.0;0.0;0.0;50.0;0.0;50.0;0.0;0.0;50.0;0.0;60.0;0.0;54.0;0.0;0.0;46.0;0.0;60.0;0.0;54.0;0.0;0.0;48.0;0.0;52.0;0.0;54.0;0.0;0.0;48.0;0.0;52.0;0.0;60.0;0.0;0.0;60.0;0.0;56.0;0.0;60.0;0.0;0.0;60.0;0.0;44.0;0.0;60.0;0.0;0.0;70.0;0.0;50.0;0.0;60.0;0.0;0.0;60.0;0.0;56.0;0.0;60.0;0.0;0.0;50.0;0.0;50.0;0.0;60.0;0.0;0.0;50.0;0.0;56.0;0.0;60.0;0.0;0.0;56.0;0.0;50.0;0.0;56.0;0.0;0.0;36.0;0.0;44.0;0.0;44.0;0.0;0.0;56.0;0.0;56.0;0.0;46.0;0.0;0.0;56.0;0.0;40.0;0.0;40.0;0.0;0.0;56.0;0.0;40.0;0.0;56.0;0.0;0.0;50.0;0.0;60.0;0.0;60.0;0.0;0.0;50.0;0.0;56.0;0.0;40.0;0.0;0.0;76.0;0.0;56.0;0.0;40.0;0.0;0.0;44.0;0.0;50.0;0.0;44.0;0.0;0.0;44.0;0.0;50.0;0.0;40.0;0.0;0.0;44.0;0.0;60.0;0.0;40.0;0.0;0.0;44.0;0.0;56.0;0.0;36.0;0.0;0.0;44.0;0.0;40.0;0.0;36.0;0.0;0.0;44.0;0.0;44.0;0.0;50.0;0.0;0.0;44.0;0.0;44.0;0.0;40.0;0.0;0.0;44.0;0.0;36.0;0.0;40.0;0.0;0.0;44.0;0.0;36.0;0.0;36.0;0.0;0.0;40.0;0.0;36.0;0.0;44.0;0.0;0.0;50.0;0.0;46.0;0.0;50.0;0.0;0.0;50.0;0.0;50.0;0.0;80.0;0.0;0.0;0.0;0.0;90.0;0.0;0.0;70.0;0.0;0.0;0.0;80.0;0.0;0.0;50.0;0.0;50.0;0.0;50.0;0.0;60.0;0.0;0.0;44.0;0.0;40.0;0.0;50.0;0.0;0.0;0.0;0.0;0.0;0.0;0.0;0.0;0.0;0.0;0.0;0.0;0.0;0.0;0.0;0.0;0.0;0.0;0.0;0.0;0.0;0.0;0.0;0.0;0.0;0.0;0.0;0.0;0.0;0.0;0.0;0.0;0.0;0.0;0.0;0.0;0.0;0.0;0.0;0.0;0.0;0.0;0.0;0.0;0.0;0.0;0.0;0.0;0.0;0.0;0.0;0.0;0.0;0.0;0.0;0.0;0.0
123;GCO003RTB125FP;80.0;0.0;0.0;104.0;0.0;76.0;0.0;90.0;0.0;0.0;110.0;0.0;76.0;0.0;110.0;0.0;0.0;76.0;70.0;0.0;0.0;90.0;0.0;0.0;90.0;0.0;80.0;0.0;70.0;0.0;0.0;110.0;0.0;80.0;0.0;120.0;0.0;0.0;110.0;0.0;100.0;0.0;110.0;0.0;0.0;110.0;0.0;80.0;0.0;80.0;0.0;0.0;110.0;0.0;70.0;0.0;90.0;0.0;0.0;100.0;0.0;70.0;0.0;110.0;0.0;0.0;0.0;0.0;70.0;0.0;100.0;0.0;0.0;100.0;0.0;0.0;0.0;120.0;0.0;0.0;100.0;0.0;70.0;0.0;120.0;0.0;0.0;120.0;0.0;90.0;0.0;120.0;0.0;0.0;120.0;0.0;90.0;0.0;100.0;0.0;100.0;0.0;0.0;80.0;0.0;80.0;0.0;0.0;100.0;0.0;80.0;0.0;80.0;0.0;0.0;100.0;0.0;80.0;0.0;80.0;0.0;0.0;100.0;0.0;70.0;0.0;90.0;0.0;0.0;120.0;0.0;90.0;0.0;90.0;0.0;0.0;120.0;0.0;90.0;0.0;120.0;0.0;0.0;100.0;0.0;80.0;0.0;90.0;0.0;0.0;100.0;0.0;80.0;0.0;90.0;0.0;0.0;90.0;0.0;80.0;0.0;80.0;0.0;0.0;96.0;0.0;76.0;0.0;70.0;0.0;0.0;50.0;0.0;64.0;70.0;0.0;0.0;0.0;70.0;0.0;70.0;0.0;80.0;0.0;0.0;80.0;0.0;90.0;0.0;80.0;0.0;0.0;100.0;0.0;96.0;0.0;84.0;0.0;0.0;120.0;0.0;100.0;0.0;96.0;0.0;0.0;126.0;0.0;100.0;0.0;96.0;0.0;0.0;136.0;0.0;110.0;0.0;96.0;0.0;0.0;136.0;0.0;110.0;0.0;120.0;0.0;0.0;150.0;0.0;130.0;0.0;130.0;0.0;0.0;180.0;0.0;130.0;0.0;130.0;0.0;0.0;160.0;0.0;110.0;0.0;60.0;0.0;0.0;150.0;0.0;110.0;0.0;120.0;0.0;0.0;170.0;0.0;110.0;0.0;130.0;0.0;0.0;170.0;0.0;110.0;0.0;120.0;0.0;0.0;150.0;0.0;104.0;0.0;116.0;0.0;0.0;140.0;0.0;130.0;0.0;116.0;0.0;0.0;130.0;0.0;100.0;0.0;0.0;0.0;0.0;0.0;0.0;0.0;0.0;136.0;0.0;0.0;160.0;0.0;160.0;0.0;170.0;0.0;0.0;70.0;0.0;140.0;0.0;164.0;0.0;0.0;70.0;0.0;140.0;0.0;90.0;0.0;0.0;150.0;0.0;196.0;0.0;140.0;0.0;0.0;164.0;0.0;140.0;0.0;0.0;0.0;0.0;0.0;0.0;0.0;0.0;0.0;0.0;0.0;0.0;0.0;0.0;0.0;0.0;0.0;0.0;0.0;0.0;160.0;0.0;120.0;0.0;0.0;160.0;0.0;160.0;0.0;140.0;0.0;0.0;160.0;0.0;160.0;0.0;100.0;0.0;0.0;120.0;0.0;100.0;0.0;90.0;0.0;0.0;150.0;0.0;76.0;0.0;100.0;0.0;0.0;134.0;0.0;90.0;0.0;104.0;0.0;0.0;134.0;0.0;90.0;0.0;78.0;0.0;0.0;120.0;0.0;90.0;0.0;70.0;0.0;0.0;144.0;0.0;120.0;0.0;90.0;0.0;0.0;170.0;0.0;140.0;0.0;100.0;0.0;0.0;60.0;0.0;90.0;0.0;90.0;0.0;0.0;90.0;0.0;90.0;0.0;96.0;0.0;0.0;60.0;0.0;114.0;104.0;0.0;0.0;0.0;110.0;0.0;130.0;0.0;150.0;0.0;0.0;80.0;0.0;110.0;0.0;100.0;0.0;0.0;0.0;0.0;110.0;0.0;100.0;0.0;0.0;120.0;0.0;130.0;0.0;110.0;0.0;0.0;110.0;0.0;110.0;0.0;110.0;0.0;0.0;116.0;0.0;80.0;0.0;100.0;0.0;0.0;116.0;0.0;90.0;0.0;100.0;0.0;0.0;136.0;0.0;120.0;0.0;100.0;0.0;0.0;120.0;0.0;104.0;0.0;96.0;0.0;0.0;136.0;0.0;126.0;0.0;120.0;0.0;0.0;130.0;0.0;120.0;0.0;114.0;0.0;0.0;110.0;0.0;110.0;0.0;110.0;0.0;0.0;100.0;0.0;100.0;0.0;104.0;0.0;0.0;100.0;0.0;96.0;0.0;84.0;0.0;0.0;50.0;0.0;80.0;0.0;70.0;0.0;0.0;90.0;0.0;90.0;0.0;84.0;0.0;0.0;110.0;0.0;110.0;0.0;104.0;0.0;0.0;130.0;0.0;130.0;0.0;80.0;0.0;0.0;70.0;0.0;70.0;0.0;70.0;0.0;0.0;80.0;0.0;80.0;0.0;76.0;0.0;0.0;100.0;0.0;80.0;0.0;80.0;0.0;0.0;96.0;0.0;86.0;0.0;90.0;0.0;0.0;90.0;0.0;86.0;0.0;90.0;0.0;0.0;90.0;0.0;88.0;0.0;94.0;0.0;0.0;90.0;0.0;88.0;0.0;80.0;0.0;0.0;90.0;0.0;80.0;0.0;80.0;0.0;0.0;90.0;0.0;100.0;0.0;120.0;0.0;0.0;96.0;0.0;100.0;0.0;100.0;0.0;0.0;84.0;0.0;80.0;0.0;100.0;0.0;0.0;84.0;0.0;80.0;0.0;70.0;0.0;0.0;84.0;0.0;80.0;0.0;90.0;0.0;0.0;92.0;0.0;90.0;0.0;90.0;0.0;0.0;90.0;0.0;90.0;0.0;130.0;0.0;0.0;0.0;0.0;160.0;0.0;0.0;80.0;0.0;0.0;0.0;120.0;0.0;0.0;50.0;0.0;92.0;0.0;80.0;0.0;100.0;0.0;0.0;96.0;0.0;96.0;0.0;86.0;0.0;0.0;0.0;0.0;0.0;0.0;0.0;0.0;0.0;0.0;0.0;0.0;0.0;0.0;0.0;0.0;0.0;0.0;0.0;0.0;0.0;0.0;0.0;0.0;0.0;0.0;0.0;0.0;0.0;0.0;0.0;0.0;0.0;0.0;0.0;0.0;0.0;0.0;0.0;0.0;0.0;0.0;0.0;0.0;0.0;0.0;0.0;0.0;0.0;0.0;0.0;0.0;0.0;0.0;0.0;0.0;0.0
218;GLV001NEU100FS;0.0;0.0;0.0;0.0;0.0;0.0;0.0;0.0;0.0;0.0;0.0;0.0;0.0;0.0;0.0;0.0;0.0;0.0;0.0;0.0;0.0;0.0;0.0;0.0;0.0;0.0;0.0;0.0;0.0;0.0;0.0;0.0;0.0;0.0;0.0;0.0;0.0;0.0;0.0;0.0;0.0;0.0;0.0;0.0;0.0;0.0;0.0;0.0;0.0;0.0;0.0;0.0;0.0;0.0;0.0;0.0;0.0;0.0;0.0;0.0;0.0;0.0;0.0;0.0;0.0;0.0;0.0;0.0;0.0;0.0;0.0;0.0;0.0;0.0;0.0;0.0;0.0;0.0;0.0;0.0;0.0;0.0;0.0;0.0;0.0;0.0;0.0;0.0;0.0;0.0;0.0;0.0;0.0;0.0;0.0;0.0;0.0;0.0;0.0;0.0;0.0;0.0;0.0;0.0;0.0;0.0;0.0;0.0;0.0;0.0;0.0;0.0;0.0;0.0;0.0;0.0;0.0;0.0;0.0;0.0;0.0;0.0;0.0;0.0;0.0;0.0;0.0;0.0;0.0;0.0;0.0;0.0;0.0;0.0;0.0;0.0;0.0;0.0;0.0;0.0;0.0;0.0;0.0;0.0;0.0;0.0;0.0;0.0;0.0;0.0;0.0;0.0;0.0;0.0;0.0;0.0;0.0;0.0;0.0;0.0;0.0;0.0;0.0;0.0;0.0;0.0;0.0;0.0;0.0;0.0;0.0;0.0;0.0;0.0;0.0;0.0;0.0;0.0;0.0;0.0;0.0;0.0;0.0;0.0;0.0;0.0;0.0;0.0;0.0;0.0;0.0;0.0;0.0;0.0;0.0;0.0;0.0;0.0;0.0;0.0;0.0;0.0;0.0;0.0;0.0;0.0;0.0;0.0;0.0;0.0;0.0;0.0;0.0;0.0;0.0;0.0;0.0;0.0;0.0;0.0;0.0;0.0;0.0;0.0;0.0;0.0;0.0;0.0;0.0;0.0;0.0;0.0;0.0;0.0;0.0;0.0;0.0;0.0;0.0;0.0;0.0;0.0;0.0;0.0;0.0;0.0;0.0;0.0;0.0;0.0;0.0;0.0;0.0;0.0;0.0;0.0;0.0;0.0;0.0;0.0;0.0;0.0;0.0;0.0;0.0;0.0;0.0;0.0;0.0;0.0;0.0;0.0;0.0;0.0;0.0;0.0;0.0;0.0;0.0;0.0;0.0;0.0;0.0;0.0;0.0;0.0;0.0;0.0;0.0;0.0;0.0;0.0;0.0;0.0;0.0;0.0;0.0;0.0;0.0;0.0;0.0;0.0;0.0;0.0;0.0;0.0;0.0;0.0;0.0;0.0;0.0;0.0;0.0;0.0;0.0;0.0;0.0;0.0;0.0;0.0;0.0;0.0;0.0;0.0;0.0;0.0;0.0;0.0;0.0;0.0;600.0;600.0;900.0;800.0;300.0;700.0;1000.0;1000.0;2400.0;3100.0;3000.0;1400.0;2000.0;1252.0;1000.0;1400.0;2160.0;2400.0;984.0;400.0;420.0;456.0;0.0;0.0;0.0;0.0;0.0;0.0;0.0;0.0;0.0;0.0;0.0;0.0;0.0;0.0;0.0;0.0;0.0;0.0;0.0;0.0;0.0;0.0;0.0;0.0;0.0;0.0;0.0;0.0;0.0;0.0;0.0;0.0;0.0;0.0;0.0;0.0;0.0;0.0;0.0;0.0;0.0;0.0;0.0;0.0;0.0;0.0;0.0;0.0;0.0;0.0;0.0;0.0;0.0;0.0;0.0;0.0;0.0;0.0;0.0;0.0;0.0;0.0;0.0;0.0;0.0;0.0;0.0;0.0;0.0;0.0;0.0;0.0;0.0;0.0;0.0;0.0;0.0;0.0;0.0;0.0;0.0;0.0;0.0;0.0;0.0;0.0;0.0;0.0;0.0;0.0;0.0;0.0;0.0;0.0;0.0;0.0;0.0;0.0;0.0;0.0;0.0;0.0;0.0;0.0;0.0;0.0;0.0;0.0;0.0;0.0;0.0;0.0;0.0;0.0;0.0;0.0;0.0;0.0;0.0;0.0;0.0;0.0;0.0;0.0;0.0;0.0;0.0;0.0;0.0;0.0;0.0;0.0;0.0;0.0;0.0;0.0;0.0;0.0;0.0;0.0;0.0;0.0;0.0;0.0;0.0;0.0;0.0;0.0;0.0;0.0;0.0;0.0;0.0;0.0;0.0;0.0;0.0;0.0;0.0;0.0;0.0;0.0;0.0;0.0;0.0;0.0;0.0;0.0;0.0;0.0;0.0;0.0;0.0;0.0;0.0;0.0;0.0;0.0;0.0;0.0;0.0;0.0;0.0;0.0;0.0;0.0;0.0;0.0;0.0;0.0;0.0;0.0;0.0;0.0;0.0;0.0;0.0;0.0;0.0;0.0;0.0;0.0;0.0;0.0;0.0;0.0;0.0;0.0;0.0;0.0;0.0;0.0;0.0;0.0;0.0;0.0;0.0;0.0;0.0;0.0;0.0;0.0;0.0;0.0;0.0;0.0;0.0;0.0;0.0;0.0;0.0;0.0;0.0;0.0;0.0;0.0;0.0;0.0;0.0;0.0;0.0;0.0;0.0;0.0;0.0;0.0;0.0;0.0;0.0;0.0;0.0;0.0;0.0;0.0;0.0;0.0;0.0;0.0;0.0;0.0;0.0;0.0;0.0;0.0;0.0;8.0;0.0;0.0;0.0;0.0;0.0;0.0;0.0;0.0;0.0;0.0;0.0;0.0;0.0;0.0;0.0;0.0;0.0;0.0;0.0;0.0;0.0;0.0;0.0;0.0;0.0;0.0;0.0;0.0;0.0;0.0;0.0;0.0;0.0;0.0;0.0;0.0;0.0;0.0;0.0;0.0;0.0;0.0;0.0;0.0;0.0;0.0;0.0;0.0;0.0;0.0;0.0;0.0;0.0;0.0;0.0;0.0;0.0;0.0;0.0;0.0;0.0;0.0;0.0;0.0;0.0;0.0;0.0;0.0;0.0;0.0;0.0;0.0;0.0;0.0;0.0;0.0;0.0;0.0;0.0;0.0;0.0;0.0;0.0;0.0;0.0;0.0;0.0;0.0;0.0;0.0;0.0;0.0;0.0;0.0;0.0;0.0;0.0;0.0;0.0;0.0;0.0;0.0;0.0;0.0;0.0;0.0;0.0;0.0;0.0;0.0;0.0;0.0;0.0;0.0;0.0;0.0;0.0;0.0;0.0;0.0;0.0;0.0;0.0;0.0;0.0;0.0;0.0;0.0;0.0;0.0;0.0;0.0;0.0
280;GWC015RTB200FP;30.0;0.0;0.0;50.0;0.0;44.0;0.0;36.0;0.0;0.0;50.0;0.0;44.0;0.0;40.0;0.0;0.0;36.0;40.0;0.0;0.0;40.0;0.0;0.0;44.0;0.0;36.0;0.0;30.0;0.0;0.0;50.0;0.0;36.0;0.0;50.0;0.0;0.0;50.0;0.0;40.0;0.0;36.0;0.0;0.0;50.0;0.0;40.0;0.0;40.0;0.0;0.0;50.0;0.0;40.0;0.0;40.0;0.0;0.0;0.0;0.0;40.0;0.0;50.0;0.0;0.0;0.0;0.0;40.0;0.0;40.0;0.0;0.0;0.0;0.0;0.0;0.0;40.0;0.0;0.0;40.0;0.0;40.0;0.0;40.0;0.0;0.0;40.0;0.0;40.0;0.0;40.0;0.0;0.0;40.0;0.0;40.0;0.0;40.0;0.0;40.0;0.0;0.0;30.0;0.0;30.0;0.0;0.0;40.0;0.0;30.0;0.0;24.0;0.0;0.0;40.0;0.0;30.0;0.0;24.0;0.0;0.0;40.0;0.0;24.0;0.0;24.0;0.0;0.0;40.0;0.0;24.0;0.0;24.0;0.0;0.0;50.0;0.0;24.0;0.0;50.0;0.0;0.0;44.0;0.0;24.0;0.0;40.0;0.0;0.0;44.0;0.0;24.0;0.0;40.0;0.0;0.0;44.0;0.0;30.0;0.0;40.0;0.0;0.0;44.0;0.0;30.0;0.0;30.0;0.0;0.0;10.0;0.0;24.0;30.0;0.0;0.0;0.0;40.0;0.0;24.0;0.0;30.0;0.0;0.0;40.0;0.0;24.0;0.0;24.0;0.0;0.0;44.0;0.0;30.0;0.0;24.0;0.0;0.0;50.0;0.0;30.0;0.0;24.0;0.0;0.0;50.0;0.0;30.0;0.0;24.0;0.0;0.0;60.0;0.0;40.0;0.0;40.0;0.0;0.0;60.0;0.0;40.0;0.0;40.0;0.0;0.0;60.0;0.0;40.0;0.0;40.0;0.0;0.0;60.0;0.0;40.0;0.0;40.0;0.0;0.0;60.0;0.0;40.0;0.0;20.0;0.0;0.0;60.0;0.0;40.0;0.0;40.0;0.0;0.0;36.0;0.0;40.0;0.0;32.0;0.0;0.0;36.0;0.0;36.0;0.0;30.0;0.0;0.0;40.0;0.0;36.0;0.0;30.0;0.0;0.0;50.0;0.0;50.0;0.0;30.0;0.0;0.0;40.0;0.0;30.0;0.0;0.0;0.0;0.0;0.0;0.0;0.0;0.0;40.0;0.0;0.0;80.0;0.0;80.0;0.0;80.0;0.0;0.0;20.0;0.0;60.0;0.0;50.0;0.0;0.0;20.0;0.0;60.0;0.0;30.0;0.0;0.0;50.0;0.0;40.0;0.0;44.0;0.0;0.0;70.0;0.0;70.0;0.0;0.0;0.0;0.0;0.0;0.0;0.0;0.0;0.0;0.0;0.0;0.0;0.0;0.0;0.0;0.0;0.0;0.0;60.0;0.0;80.0;0.0;80.0;0.0;0.0;50.0;0.0;80.0;0.0;60.0;0.0;0.0;60.0;0.0;80.0;0.0;50.0;0.0;0.0;56.0;0.0;36.0;0.0;50.0;0.0;0.0;60.0;0.0;28.0;0.0;44.0;0.0;0.0;60.0;0.0;28.0;0.0;52.0;0.0;0.0;60.0;0.0;36.0;0.0;36.0;0.0;0.0;40.0;0.0;30.0;0.0;30.0;0.0;0.0;50.0;0.0;40.0;0.0;40.0;0.0;0.0;76.0;0.0;60.0;0.0;40.0;0.0;0.0;20.0;0.0;40.0;0.0;50.0;0.0;0.0;40.0;0.0;40.0;0.0;50.0;0.0;0.0;20.0;0.0;40.0;50.0;0.0;0.0;0.0;50.0;0.0;40.0;0.0;50.0;0.0;0.0;50.0;0.0;40.0;0.0;50.0;0.0;0.0;0.0;0.0;40.0;0.0;50.0;0.0;0.0;50.0;0.0;50.0;0.0;44.0;0.0;0.0;40.0;0.0;40.0;0.0;44.0;0.0;0.0;50.0;0.0;30.0;0.0;30.0;0.0;0.0;40.0;0.0;30.0;0.0;30.0;0.0;0.0;60.0;0.0;60.0;0.0;32.0;0.0;0.0;60.0;0.0;60.0;0.0;32.0;0.0;0.0;50.0;0.0;60.0;0.0;44.0;0.0;0.0;40.0;0.0;50.0;0.0;40.0;0.0;0.0;50.0;0.0;44.0;0.0;40.0;0.0;0.0;44.0;0.0;36.0;0.0;30.0;0.0;0.0;50.0;0.0;40.0;0.0;30.0;0.0;0.0;24.0;0.0;30.0;0.0;24.0;0.0;0.0;40.0;0.0;30.0;0.0;24.0;0.0;0.0;40.0;0.0;30.0;0.0;30.0;0.0;0.0;40.0;0.0;40.0;0.0;50.0;0.0;0.0;50.0;0.0;50.0;0.0;60.0;0.0;0.0;60.0;0.0;60.0;0.0;56.0;0.0;0.0;70.0;0.0;60.0;0.0;56.0;0.0;0.0;56.0;0.0;40.0;0.0;60.0;0.0;0.0;56.0;0.0;50.0;0.0;90.0;0.0;0.0;70.0;0.0;70.0;0.0;70.0;0.0;0.0;70.0;0.0;76.0;0.0;70.0;0.0;0.0;64.0;0.0;76.0;0.0;70.0;0.0;0.0;64.0;0.0;80.0;0.0;70.0;0.0;0.0;64.0;0.0;70.0;0.0;64.0;0.0;0.0;64.0;0.0;64.0;0.0;64.0;0.0;0.0;60.0;0.0;64.0;0.0;56.0;0.0;0.0;60.0;0.0;56.0;0.0;60.0;0.0;0.0;60.0;0.0;60.0;0.0;50.0;0.0;0.0;56.0;0.0;60.0;0.0;80.0;0.0;0.0;0.0;0.0;90.0;0.0;0.0;60.0;0.0;0.0;0.0;80.0;0.0;0.0;40.0;0.0;60.0;0.0;50.0;0.0;60.0;0.0;0.0;64.0;0.0;56.0;0.0;66.0;0.0;0.0;0.0;0.0;0.0;0.0;0.0;0.0;0.0;0.0;0.0;0.0;0.0;0.0;0.0;0.0;0.0;0.0;0.0;0.0;0.0;0.0;0.0;0.0;0.0;0.0;0.0;0.0;0.0;0.0;0.0;0.0;0.0;0.0;0.0;0.0;0.0;0.0;0.0;0.0;0.0;0.0;0.0;0.0;0.0;0.0;0.0;0.0;0.0;0.0;0.0;0.0;0.0;0.0;0.0;0.0;0.0
301;GWF001PQC200FP;30.0;38.0;34.0;42.0;50.0;66.0;0.0;34.0;34.0;28.0;36.0;42.0;46.0;0.0;20.0;26.0;36.0;38.0;48.0;38.0;0.0;30.0;44.0;32.0;30.0;54.0;36.0;0.0;38.0;46.0;40.0;44.0;52.0;24.0;0.0;24.0;14.0;56.0;48.0;46.0;8.0;0.0;4.0;6.0;4.0;2.0;6.0;4.0;0.0;2.0;2.0;4.0;4.0;8.0;4.0;0.0;4.0;4.0;6.0;4.0;10.0;0.0;0.0;0.0;6.0;4.0;4.0;4.0;4.0;0.0;4.0;2.0;4.0;4.0;6.0;4.0;0.0;4.0;6.0;4.0;4.0;8.0;6.0;0.0;2.0;4.0;4.0;6.0;8.0;4.0;0.0;2.0;2.0;2.0;2.0;4.0;2.0;0.0;4.0;6.0;2.0;0.0;4.0;2.0;0.0;2.0;4.0;4.0;4.0;4.0;6.0;0.0;4.0;2.0;0.0;0.0;4.0;2.0;0.0;2.0;2.0;4.0;2.0;2.0;4.0;0.0;4.0;4.0;2.0;2.0;6.0;4.0;0.0;6.0;6.0;6.0;6.0;8.0;2.0;0.0;2.0;4.0;4.0;6.0;4.0;0.0;0.0;2.0;0.0;2.0;2.0;6.0;4.0;0.0;4.0;2.0;0.0;4.0;6.0;4.0;0.0;2.0;2.0;2.0;2.0;0.0;0.0;0.0;2.0;2.0;0.0;0.0;0.0;0.0;0.0;0.0;2.0;0.0;0.0;0.0;0.0;0.0;0.0;2.0;0.0;0.0;0.0;0.0;0.0;2.0;2.0;2.0;2.0;4.0;2.0;0.0;0.0;2.0;0.0;0.0;0.0;0.0;0.0;2.0;0.0;2.0;0.0;0.0;0.0;0.0;0.0;0.0;0.0;0.0;0.0;0.0;0.0;0.0;0.0;0.0;2.0;0.0;0.0;0.0;0.0;0.0;0.0;0.0;0.0;0.0;0.0;0.0;0.0;2.0;0.0;2.0;0.0;0.0;0.0;0.0;0.0;0.0;2.0;0.0;0.0;2.0;0.0;0.0;2.0;2.0;0.0;0.0;0.0;0.0;0.0;2.0;0.0;0.0;0.0;0.0;2.0;0.0;2.0;0.0;0.0;0.0;0.0;2.0;0.0;0.0;2.0;2.0;0.0;0.0;0.0;0.0;0.0;2.0;0.0;0.0;2.0;0.0;2.0;0.0;2.0;2.0;0.0;0.0;2.0;2.0;0.0;2.0;0.0;0.0;2.0;0.0;0.0;2.0;0.0;0.0;0.0;0.0;6.0;0.0;0.0;0.0;0.0;0.0;0.0;2.0;0.0;0.0;0.0;0.0;0.0;0.0;2.0;2.0;0.0;0.0;0.0;0.0;0.0;0.0;0.0;0.0;0.0;0.0;0.0;0.0;0.0;0.0;0.0;2.0;0.0;0.0;0.0;0.0;0.0;0.0;0.0;0.0;0.0;0.0;2.0;0.0;0.0;0.0;0.0;0.0;0.0;0.0;0.0;4.0;0.0;0.0;0.0;0.0;0.0;0.0;0.0;0.0;0.0;0.0;0.0;0.0;0.0;0.0;0.0;0.0;0.0;0.0;0.0;0.0;0.0;0.0;2.0;0.0;0.0;0.0;0.0;0.0;0.0;0.0;0.0;0.0;0.0;2.0;0.0;0.0;0.0;0.0;0.0;2.0;2.0;2.0;0.0;0.0;0.0;2.0;2.0;0.0;2.0;0.0;0.0;0.0;0.0;0.0;2.0;0.0;2.0;2.0;0.0;0.0;4.0;2.0;2.0;0.0;0.0;0.0;0.0;2.0;0.0;0.0;0.0;0.0;0.0;0.0;0.0;0.0;0.0;0.0;0.0;0.0;0.0;0.0;0.0;0.0;0.0;0.0;0.0;0.0;0.0;0.0;0.0;0.0;0.0;0.0;0.0;0.0;0.0;0.0;0.0;0.0;0.0;0.0;0.0;0.0;0.0;0.0;4.0;0.0;0.0;2.0;0.0;0.0;0.0;0.0;0.0;0.0;2.0;0.0;0.0;0.0;0.0;0.0;0.0;0.0;0.0;0.0;0.0;0.0;0.0;0.0;0.0;0.0;0.0;0.0;0.0;0.0;0.0;0.0;0.0;0.0;0.0;0.0;0.0;0.0;0.0;0.0;0.0;0.0;0.0;0.0;0.0;0.0;0.0;0.0;0.0;0.0;0.0;0.0;0.0;0.0;0.0;0.0;0.0;0.0;0.0;0.0;0.0;0.0;0.0;0.0;0.0;0.0;0.0;0.0;0.0;0.0;0.0;0.0;0.0;0.0;0.0;0.0;0.0;0.0;0.0;0.0;0.0;0.0;0.0;0.0;0.0;0.0;0.0;0.0;0.0;0.0;0.0;0.0;0.0;0.0;0.0;0.0;0.0;0.0;0.0;0.0;0.0;0.0;0.0;0.0;0.0;0.0;0.0;0.0;0.0;0.0;0.0;0.0;0.0;0.0;0.0;0.0;0.0;0.0;0.0;0.0;0.0;0.0;0.0;0.0;0.0;0.0;0.0;0.0;0.0;0.0;0.0;0.0;0.0;0.0;0.0;0.0;0.0;0.0;0.0;0.0;0.0;0.0;0.0;0.0;0.0;0.0;0.0;0.0;0.0;0.0;0.0;0.0;0.0;0.0;0.0;0.0;0.0;0.0;0.0;0.0;0.0;0.0;0.0;0.0;0.0;0.0;0.0;0.0;0.0;0.0;0.0;0.0;0.0;0.0;0.0;0.0;0.0;0.0;0.0;0.0;0.0;0.0;0.0;0.0;0.0;0.0;0.0;2.0;0.0;0.0;0.0;0.0;0.0;0.0;0.0;0.0;0.0;0.0;0.0;0.0;0.0;0.0;0.0;0.0;0.0;0.0;0.0;0.0;4.0;0.0;0.0;0.0;0.0;2.0;0.0;0.0;0.0;0.0;0.0;0.0;0.0;0.0;0.0;0.0;0.0;0.0;0.0;0.0;0.0;0.0;0.0;0.0;0.0;0.0;0.0;0.0;0.0;0.0;0.0;0.0;0.0;0.0;0.0;0.0;0.0;0.0;0.0;0.0;0.0;0.0;0.0;0.0;0.0;0.0;0.0;0.0;0.0;0.0;0.0;0.0;0.0;0.0;0.0;0.0;0.0;0.0;0.0;0.0;0.0;0.0;0.0;0.0;0.0;0.0;0.0;0.0;0.0;0.0;0.0;0.0;0.0;0.0;0.0;0.0;0.0;0.0;0.0;0.0;0.0;0.0;0.0
327;GWG022BRN100FS;0.0;0.0;0.0;0.0;0.0;0.0;0.0;0.0;0.0;0.0;0.0;0.0;0.0;0.0;0.0;0.0;0.0;0.0;0.0;0.0;0.0;0.0;0.0;0.0;0.0;0.0;0.0;0.0;0.0;0.0;0.0;0.0;0.0;0.0;0.0;0.0;0.0;0.0;0.0;0.0;0.0;0.0;0.0;0.0;0.0;0.0;0.0;0.0;0.0;0.0;0.0;0.0;0.0;0.0;0.0;0.0;0.0;0.0;0.0;0.0;0.0;0.0;0.0;0.0;0.0;0.0;0.0;0.0;0.0;0.0;0.0;0.0;0.0;0.0;0.0;0.0;0.0;0.0;0.0;0.0;0.0;0.0;0.0;0.0;0.0;0.0;0.0;0.0;0.0;0.0;0.0;0.0;0.0;0.0;0.0;0.0;0.0;0.0;0.0;0.0;0.0;0.0;0.0;0.0;0.0;0.0;0.0;0.0;0.0;0.0;0.0;0.0;0.0;0.0;0.0;0.0;0.0;0.0;0.0;0.0;0.0;0.0;0.0;0.0;0.0;0.0;0.0;0.0;0.0;0.0;0.0;0.0;0.0;0.0;0.0;0.0;0.0;0.0;0.0;0.0;0.0;0.0;0.0;0.0;0.0;0.0;0.0;0.0;0.0;0.0;0.0;0.0;0.0;0.0;0.0;0.0;426.0;252.0;362.0;264.0;0.0;226.0;100.0;218.0;64.0;102.0;96.0;0.0;80.0;50.0;48.0;30.0;4.0;16.0;0.0;20.0;14.0;34.0;24.0;36.0;50.0;0.0;26.0;22.0;50.0;20.0;16.0;50.0;0.0;18.0;24.0;48.0;20.0;14.0;44.0;0.0;22.0;16.0;46.0;16.0;18.0;42.0;0.0;20.0;12.0;36.0;16.0;18.0;58.0;0.0;8.0;10.0;38.0;8.0;10.0;16.0;0.0;14.0;12.0;10.0;0.0;12.0;6.0;0.0;0.0;12.0;6.0;4.0;10.0;10.0;0.0;10.0;8.0;2.0;0.0;0.0;0.0;0.0;0.0;84.0;84.0;82.0;34.0;4.0;0.0;4.0;42.0;0.0;0.0;0.0;0.0;0.0;0.0;0.0;0.0;6.0;0.0;0.0;0.0;0.0;0.0;0.0;26.0;86.0;0.0;0.0;0.0;0.0;4.0;0.0;4.0;6.0;0.0;22.0;0.0;14.0;0.0;4.0;0.0;0.0;0.0;0.0;6.0;0.0;0.0;0.0;0.0;4.0;0.0;80.0;0.0;0.0;0.0;0.0;0.0;0.0;0.0;0.0;0.0;0.0;0.0;0.0;0.0;0.0;0.0;0.0;0.0;0.0;0.0;0.0;0.0;0.0;0.0;0.0;0.0;0.0;0.0;0.0;0.0;0.0;0.0;0.0;0.0;0.0;8.0;4.0;0.0;0.0;0.0;8.0;0.0;2.0;16.0;0.0;0.0;0.0;0.0;0.0;0.0;0.0;0.0;0.0;0.0;0.0;0.0;4.0;0.0;0.0;0.0;0.0;0.0;0.0;0.0;2.0;0.0;2.0;0.0;6.0;0.0;0.0;0.0;0.0;0.0;0.0;2.0;0.0;0.0;0.0;0.0;0.0;0.0;0.0;0.0;0.0;0.0;0.0;0.0;0.0;2.0;0.0;0.0;0.0;0.0;0.0;0.0;0.0;0.0;0.0;0.0;0.0;0.0;0.0;2.0;0.0;0.0;0.0;0.0;0.0;0.0;2.0;0.0;0.0;0.0;0.0;0.0;0.0;2.0;0.0;0.0;0.0;0.0;0.0;0.0;4.0;0.0;0.0;0.0;0.0;0.0;0.0;4.0;0.0;0.0;0.0;0.0;0.0;0.0;0.0;0.0;0.0;0.0;0.0;0.0;0.0;0.0;0.0;0.0;0.0;0.0;0.0;0.0;0.0;0.0;0.0;0.0;0.0;0.0;0.0;0.0;0.0;0.0;0.0;0.0;0.0;0.0;2.0;0.0;0.0;0.0;0.0;0.0;0.0;2.0;0.0;0.0;0.0;0.0;0.0;0.0;0.0;0.0;0.0;0.0;0.0;0.0;0.0;0.0;0.0;0.0;0.0;0.0;0.0;0.0;0.0;0.0;0.0;0.0;0.0;0.0;0.0;0.0;0.0;0.0;0.0;0.0;0.0;0.0;0.0;0.0;0.0;0.0;0.0;0.0;0.0;0.0;0.0;0.0;0.0;0.0;0.0;0.0;0.0;0.0;0.0;0.0;0.0;0.0;0.0;0.0;0.0;0.0;0.0;0.0;0.0;0.0;0.0;0.0;0.0;0.0;0.0;0.0;0.0;0.0;0.0;0.0;0.0;0.0;0.0;0.0;0.0;0.0;0.0;0.0;0.0;0.0;0.0;0.0;0.0;0.0;0.0;0.0;0.0;0.0;0.0;0.0;0.0;0.0;0.0;0.0;0.0;0.0;0.0;0.0;0.0;0.0;0.0;0.0;0.0;0.0;0.0;0.0;0.0;0.0;0.0;0.0;0.0;0.0;0.0;0.0;0.0;0.0;0.0;0.0;0.0;0.0;0.0;0.0;0.0;0.0;0.0;0.0;0.0;0.0;0.0;0.0;0.0;0.0;0.0;0.0;0.0;0.0;0.0;0.0;0.0;0.0;0.0;0.0;0.0;0.0;0.0;0.0;0.0;0.0;0.0;0.0;0.0;0.0;0.0;0.0;0.0;0.0;0.0;0.0;0.0;0.0;0.0;0.0;0.0;0.0;0.0;0.0;0.0;0.0;0.0;0.0;0.0;0.0;0.0;0.0;0.0;4.0;0.0;0.0;0.0;0.0;0.0;0.0;0.0;0.0;0.0;0.0;0.0;0.0;0.0;0.0;0.0;0.0;0.0;0.0;0.0;0.0;0.0;0.0;0.0;0.0;0.0;0.0;0.0;0.0;0.0;0.0;0.0;0.0;0.0;0.0;0.0;0.0;0.0;0.0;0.0;0.0;0.0;0.0;0.0;0.0;0.0;0.0;0.0;0.0;0.0;0.0;0.0;0.0;0.0;0.0;0.0;0.0;0.0;0.0;0.0;0.0;0.0;0.0;0.0;0.0;0.0;0.0;0.0;0.0;0.0;0.0;0.0;0.0;0.0;0.0;0.0;0.0;0.0;0.0;0.0;0.0;0.0;0.0;0.0;0.0;0.0;0.0;0.0;0.0;0.0;0.0;0.0;0.0;0.0;0.0;0.0;0.0;0.0;0.0;0.0;0.0;0.0;0.0;0.0;0.0;0.0;0.0;0.0;0.0;0.0;0.0
337;GWG029BND125FS;509.0;365.0;502.0;488.0;573.0;408.0;4.0;401.0;381.0;583.0;570.0;722.0;1088.0;0.0;826.0;688.0;603.0;917.0;954.0;542.0;0.0;448.0;377.0;288.0;311.0;411.0;656.0;0.0;502.0;521.0;508.0;608.0;659.0;139.0;2.0;492.0;329.0;375.0;420.0;620.0;886.0;0.0;720.0;694.0;552.0;641.0;794.0;442.0;7.0;370.0;298.0;300.0;365.0;490.0;732.0;0.0;578.0;467.0;483.0;531.0;762.0;391.0;2.0;306.0;302.0;329.0;891.0;1044.0;803.0;0.0;550.0;471.0;544.0;601.0;889.0;355.0;2.0;304.0;260.0;296.0;272.0;407.0;375.0;3.0;564.0;553.0;850.0;856.0;1237.0;951.0;1.0;828.0;836.0;743.0;866.0;1182.0;952.0;0.0;826.0;762.0;423.0;234.0;598.0;548.0;6.0;472.0;436.0;575.0;534.0;679.0;541.0;0.0;407.0;380.0;322.0;405.0;503.0;461.0;1.0;403.0;296.0;315.0;369.0;467.0;374.0;0.0;380.0;284.0;326.0;580.0;502.0;404.0;0.0;812.0;685.0;615.0;613.0;815.0;628.0;0.0;579.0;655.0;625.0;544.0;630.0;558.0;0.0;480.0;501.0;456.0;497.0;681.0;527.0;0.0;487.0;371.0;349.0;314.0;524.0;694.0;0.0;561.0;561.0;507.0;516.0;704.0;367.0;0.0;322.0;262.0;299.0;370.0;608.0;197.0;194.0;538.0;605.0;517.0;534.0;759.0;624.0;0.0;414.0;653.0;606.0;631.0;693.0;534.0;1.0;535.0;492.0;511.0;532.0;779.0;565.0;0.0;524.0;448.0;305.0;375.0;515.0;403.0;0.0;382.0;381.0;345.0;326.0;433.0;417.0;0.0;356.0;275.0;326.0;321.0;403.0;390.0;0.0;317.0;259.0;280.0;293.0;430.0;332.0;1.0;328.0;292.0;246.0;290.0;426.0;335.0;0.0;333.0;221.0;249.0;254.0;441.0;384.0;0.0;348.0;417.0;637.0;669.0;674.0;913.0;10.0;778.0;700.0;715.0;698.0;1027.0;589.0;0.0;334.0;108.0;266.0;280.0;377.0;327.0;0.0;283.0;241.0;247.0;228.0;372.0;347.0;0.0;244.0;240.0;269.0;226.0;364.0;334.0;0.0;291.0;226.0;254.0;251.0;350.0;380.0;0.0;352.0;284.0;327.0;366.0;399.0;315.0;0.0;352.0;353.0;331.0;122.0;456.0;426.0;0.0;341.0;287.0;310.0;297.0;429.0;324.0;62.0;325.0;258.0;285.0;365.0;370.0;32.0;0.0;354.0;215.0;272.0;283.0;291.0;336.0;0.0;230.0;221.0;279.0;240.0;318.0;300.0;0.0;292.0;299.0;244.0;261.0;364.0;299.0;0.0;361.0;333.0;224.0;219.0;345.0;298.0;0.0;298.0;238.0;260.0;263.0;332.0;262.0;0.0;276.0;243.0;241.0;239.0;310.0;264.0;0.0;222.0;183.0;175.0;186.0;240.0;237.0;3.0;230.0;166.0;160.0;199.0;277.0;463.0;0.0;336.0;262.0;234.0;248.0;405.0;364.0;0.0;314.0;162.0;150.0;214.0;66.0;0.0;0.0;0.0;0.0;0.0;0.0;0.0;0.0;0.0;0.0;0.0;0.0;0.0;0.0;0.0;0.0;2.0;0.0;0.0;0.0;0.0;0.0;0.0;0.0;0.0;0.0;0.0;0.0;0.0;0.0;0.0;0.0;2.0;0.0;0.0;0.0;0.0;0.0;0.0;0.0;0.0;0.0;0.0;0.0;0.0;0.0;0.0;0.0;0.0;0.0;0.0;0.0;0.0;0.0;0.0;0.0;0.0;0.0;0.0;0.0;0.0;0.0;0.0;0.0;0.0;0.0;0.0;0.0;0.0;0.0;0.0;0.0;0.0;0.0;0.0;0.0;0.0;0.0;0.0;0.0;0.0;0.0;0.0;0.0;0.0;0.0;0.0;0.0;2.0;0.0;0.0;0.0;0.0;0.0;0.0;0.0;0.0;0.0;0.0;0.0;0.0;0.0;0.0;0.0;0.0;0.0;0.0;0.0;0.0;0.0;0.0;0.0;0.0;0.0;0.0;2.0;0.0;0.0;0.0;0.0;0.0;0.0;0.0;0.0;0.0;0.0;0.0;0.0;0.0;0.0;0.0;0.0;0.0;0.0;0.0;0.0;0.0;0.0;0.0;0.0;0.0;0.0;0.0;0.0;0.0;0.0;0.0;0.0;0.0;0.0;0.0;0.0;0.0;0.0;0.0;0.0;0.0;0.0;0.0;0.0;0.0;0.0;0.0;0.0;0.0;0.0;0.0;0.0;0.0;0.0;0.0;0.0;0.0;0.0;0.0;0.0;0.0;0.0;0.0;0.0;0.0;0.0;0.0;0.0;0.0;0.0;0.0;0.0;0.0;0.0;0.0;0.0;0.0;2.0;2.0;0.0;0.0;0.0;0.0;0.0;0.0;0.0;0.0;0.0;0.0;0.0;0.0;0.0;0.0;0.0;0.0;0.0;0.0;0.0;0.0;0.0;0.0;0.0;0.0;0.0;0.0;0.0;0.0;0.0;0.0;0.0;0.0;2.0;0.0;0.0;0.0;0.0;0.0;0.0;0.0;0.0;0.0;0.0;0.0;0.0;0.0;0.0;0.0;0.0;0.0;0.0;0.0;0.0;0.0;0.0;0.0;0.0;0.0;0.0;0.0;0.0;0.0;0.0;0.0;0.0;0.0;0.0;0.0;0.0;0.0;0.0;0.0;0.0;0.0;0.0;0.0;0.0;0.0;0.0;0.0;0.0;0.0;0.0;0.0;0.0;0.0;0.0;0.0;0.0;0.0;0.0;0.0;0.0;0.0;0.0;0.0;0.0;0.0;0.0;0.0;0.0;0.0;0.0;0.0;0.0;0.0;2.0;0.0;0.0;0.0;0.0;0.0;0.0;0.0;0.0;0.0;0.0;0.0;0.0;0.0;0.0;0.0;0.0;0.0;0.0;0.0;0.0;0.0;0.0;0.0;0.0;0.0;0.0;0.0;0.0;0.0;0.0;0.0;0.0;0.0;0.0;0.0;0.0;0.0;0.0;0.0;0.0;0.0;0.0;0.0;0.0;0.0;0.0;0.0;0.0;0.0;0.0;0.0;0.0;0.0;0.0;0.0;0.0;0.0;0.0;0.0;0.0;0.0;0.0;0.0;0.0;0.0;0.0;0.0;0.0;0.0;0.0;0.0;0.0;0.0
407;GWP005RTB125FP;140.0;0.0;0.0;160.0;0.0;110.0;0.0;140.0;0.0;0.0;160.0;0.0;116.0;0.0;150.0;0.0;0.0;104.0;110.0;0.0;0.0;130.0;0.0;0.0;120.0;0.0;110.0;0.0;100.0;0.0;0.0;150.0;0.0;100.0;0.0;140.0;0.0;0.0;150.0;0.0;140.0;0.0;160.0;0.0;0.0;170.0;0.0;150.0;0.0;150.0;0.0;0.0;170.0;0.0;150.0;0.0;160.0;0.0;0.0;160.0;0.0;140.0;0.0;190.0;0.0;0.0;0.0;0.0;140.0;0.0;160.0;0.0;0.0;160.0;0.0;0.0;0.0;160.0;0.0;0.0;160.0;0.0;140.0;0.0;160.0;0.0;0.0;180.0;0.0;160.0;0.0;160.0;0.0;0.0;180.0;0.0;160.0;0.0;160.0;0.0;160.0;0.0;0.0;140.0;0.0;140.0;0.0;0.0;160.0;0.0;140.0;0.0;130.0;0.0;0.0;160.0;0.0;140.0;0.0;130.0;0.0;0.0;160.0;0.0;130.0;0.0;140.0;0.0;0.0;170.0;0.0;140.0;0.0;160.0;0.0;0.0;170.0;0.0;120.0;0.0;170.0;0.0;0.0;156.0;0.0;110.0;0.0;150.0;0.0;0.0;140.0;0.0;110.0;0.0;156.0;0.0;0.0;150.0;0.0;120.0;0.0;140.0;0.0;0.0;156.0;0.0;116.0;0.0;110.0;0.0;0.0;56.0;0.0;100.0;110.0;0.0;0.0;0.0;140.0;0.0;120.0;0.0;120.0;0.0;0.0;154.0;0.0;136.0;0.0;120.0;0.0;0.0;160.0;0.0;144.0;0.0;136.0;0.0;0.0;180.0;0.0;170.0;0.0;160.0;0.0;0.0;184.0;0.0;170.0;0.0;150.0;0.0;0.0;184.0;0.0;160.0;0.0;160.0;0.0;0.0;190.0;0.0;160.0;0.0;180.0;0.0;0.0;210.0;0.0;180.0;0.0;220.0;0.0;0.0;240.0;0.0;200.0;0.0;220.0;0.0;0.0;240.0;0.0;190.0;0.0;60.0;0.0;0.0;240.0;0.0;190.0;0.0;200.0;0.0;0.0;230.0;0.0;190.0;0.0;210.0;0.0;0.0;230.0;0.0;200.0;0.0;196.0;0.0;0.0;230.0;0.0;150.0;0.0;196.0;0.0;0.0;200.0;0.0;170.0;0.0;176.0;0.0;0.0;200.0;0.0;130.0;0.0;0.0;0.0;0.0;0.0;0.0;0.0;0.0;190.0;0.0;0.0;240.0;0.0;200.0;0.0;220.0;0.0;0.0;90.0;0.0;160.0;0.0;220.0;0.0;0.0;90.0;0.0;200.0;0.0;130.0;0.0;0.0;220.0;0.0;200.0;0.0;200.0;0.0;0.0;240.0;0.0;200.0;0.0;0.0;0.0;0.0;0.0;0.0;0.0;0.0;0.0;0.0;0.0;0.0;0.0;0.0;0.0;0.0;0.0;0.0;240.0;0.0;260.0;0.0;240.0;0.0;0.0;260.0;0.0;220.0;0.0;200.0;0.0;0.0;240.0;0.0;220.0;0.0;180.0;0.0;0.0;220.0;0.0;196.0;0.0;180.0;0.0;0.0;220.0;0.0;140.0;0.0;200.0;0.0;0.0;200.0;0.0;150.0;0.0;192.0;0.0;0.0;200.0;0.0;166.0;0.0;160.0;0.0;0.0;170.0;0.0;150.0;0.0;150.0;0.0;0.0;200.0;0.0;190.0;0.0;190.0;0.0;0.0;230.0;0.0;220.0;0.0;190.0;0.0;0.0;80.0;0.0;160.0;0.0;190.0;0.0;0.0;170.0;0.0;160.0;0.0;190.0;0.0;0.0;80.0;0.0;190.0;190.0;0.0;0.0;0.0;190.0;0.0;220.0;0.0;240.0;0.0;0.0;150.0;0.0;160.0;0.0;170.0;0.0;0.0;0.0;0.0;160.0;0.0;170.0;0.0;0.0;170.0;0.0;170.0;0.0;190.0;0.0;0.0;190.0;0.0;150.0;0.0;190.0;0.0;0.0;180.0;0.0;170.0;0.0;170.0;0.0;0.0;190.0;0.0;156.0;0.0;180.0;0.0;0.0;230.0;0.0;190.0;0.0;184.0;0.0;0.0;200.0;0.0;170.0;0.0;164.0;0.0;0.0;220.0;0.0;180.0;0.0;184.0;0.0;0.0;200.0;0.0;170.0;0.0;184.0;0.0;0.0;190.0;0.0;170.0;0.0;160.0;0.0;0.0;170.0;0.0;170.0;0.0;160.0;0.0;0.0;150.0;0.0;156.0;0.0;130.0;0.0;0.0;76.0;0.0;110.0;0.0;90.0;0.0;0.0;110.0;0.0;130.0;0.0;120.0;0.0;0.0;130.0;0.0;170.0;0.0;150.0;0.0;0.0;150.0;0.0;190.0;0.0;190.0;0.0;0.0;170.0;0.0;184.0;0.0;196.0;0.0;0.0;200.0;0.0;200.0;0.0;190.0;0.0;0.0;220.0;0.0;200.0;0.0;200.0;0.0;0.0;222.0;0.0;180.0;0.0;220.0;0.0;0.0;230.0;0.0;220.0;0.0;240.0;0.0;0.0;240.0;0.0;220.0;0.0;260.0;0.0;0.0;240.0;0.0;220.0;0.0;200.0;0.0;0.0;220.0;0.0;180.0;0.0;160.0;0.0;0.0;220.0;0.0;200.0;0.0;200.0;0.0;0.0;240.0;0.0;200.0;0.0;200.0;0.0;0.0;220.0;0.0;190.0;0.0;200.0;0.0;0.0;200.0;0.0;190.0;0.0;180.0;0.0;0.0;190.0;0.0;176.0;0.0;210.0;0.0;0.0;190.0;0.0;180.0;0.0;190.0;0.0;0.0;190.0;0.0;200.0;0.0;240.0;0.0;0.0;0.0;0.0;280.0;0.0;0.0;120.0;0.0;0.0;0.0;320.0;0.0;0.0;80.0;0.0;220.0;0.0;180.0;0.0;220.0;0.0;0.0;234.0;0.0;230.0;0.0;240.0;0.0;0.0;0.0;0.0;0.0;0.0;0.0;0.0;0.0;0.0;0.0;0.0;0.0;0.0;0.0;0.0;0.0;0.0;0.0;0.0;0.0;0.0;0.0;0.0;0.0;0.0;0.0;0.0;0.0;0.0;0.0;0.0;0.0;0.0;0.0;0.0;0.0;0.0;0.0;0.0;0.0;0.0;0.0;0.0;0.0;0.0;0.0;0.0;0.0;0.0;0.0;0.0;0.0;0.0;0.0;0.0;0.0
420;GWS062BND100SS;185.0;178.0;159.0;160.0;246.0;218.0;0.0;184.0;187.0;288.0;211.0;317.0;452.0;0.0;728.0;619.0;312.0;493.0;594.0;456.0;0.0;367.0;389.0;502.0;405.0;439.0;394.0;0.0;252.0;259.0;264.0;297.0;378.0;121.0;0.0;263.0;183.0;323.0;483.0;363.0;249.0;0.0;226.0;233.0;234.0;257.0;308.0;528.0;0.0;254.0;306.0;320.0;300.0;410.0;321.0;0.0;267.0;252.0;443.0;446.0;633.0;446.0;10.0;586.0;277.0;246.0;408.0;386.0;386.0;0.0;235.0;248.0;218.0;247.0;363.0;758.0;0.0;524.0;495.0;453.0;511.0;862.0;645.0;5.0;381.0;317.0;220.0;213.0;293.0;285.0;0.0;192.0;225.0;197.0;231.0;245.0;251.0;0.0;290.0;400.0;356.0;116.0;986.0;937.0;4.0;528.0;595.0;572.0;647.0;849.0;689.0;0.0;608.0;604.0;580.0;584.0;769.0;620.0;21.0;602.0;611.0;556.0;627.0;857.0;684.0;2.0;638.0;580.0;551.0;587.0;779.0;685.0;0.0;585.0;575.0;555.0;529.0;722.0;746.0;0.0;580.0;532.0;515.0;509.0;636.0;640.0;0.0;501.0;495.0;503.0;488.0;704.0;611.0;0.0;468.0;480.0;445.0;421.0;616.0;512.0;0.0;366.0;338.0;354.0;340.0;542.0;414.0;0.0;334.0;364.0;294.0;376.0;513.0;200.0;394.0;152.0;335.0;374.0;489.0;575.0;463.0;0.0;327.0;318.0;289.0;335.0;503.0;409.0;3.0;328.0;366.0;366.0;404.0;468.0;457.0;3.0;372.0;829.0;1337.0;1345.0;1940.0;1311.0;0.0;1069.0;1094.0;1130.0;1212.0;1734.0;1569.0;0.0;1067.0;794.0;361.0;369.0;572.0;479.0;0.0;984.0;824.0;773.0;866.0;1383.0;899.0;0.0;877.0;762.0;568.0;297.0;413.0;392.0;0.0;292.0;247.0;213.0;283.0;449.0;351.0;0.0;282.0;232.0;226.0;253.0;382.0;349.0;4.0;243.0;231.0;229.0;242.0;420.0;338.0;0.0;39.0;22.0;0.0;0.0;0.0;0.0;0.0;0.0;2.0;2.0;0.0;0.0;0.0;0.0;2.0;0.0;0.0;0.0;0.0;0.0;0.0;0.0;0.0;0.0;2.0;0.0;0.0;0.0;0.0;0.0;0.0;0.0;0.0;0.0;0.0;0.0;0.0;0.0;0.0;0.0;0.0;0.0;0.0;0.0;0.0;0.0;2.0;0.0;0.0;0.0;0.0;0.0;0.0;0.0;0.0;0.0;0.0;0.0;0.0;0.0;0.0;0.0;0.0;4.0;0.0;0.0;0.0;0.0;0.0;0.0;0.0;0.0;0.0;0.0;0.0;0.0;0.0;0.0;0.0;0.0;2.0;0.0;0.0;0.0;0.0;0.0;2.0;0.0;0.0;0.0;0.0;0.0;0.0;0.0;0.0;0.0;0.0;0.0;0.0;0.0;0.0;0.0;0.0;0.0;0.0;0.0;0.0;0.0;0.0;0.0;2.0;0.0;0.0;0.0;0.0;0.0;0.0;0.0;0.0;0.0;0.0;0.0;0.0;0.0;0.0;0.0;0.0;0.0;0.0;0.0;2.0;0.0;0.0;0.0;0.0;2.0;0.0;0.0;0.0;0.0;0.0;0.0;0.0;0.0;0.0;0.0;0.0;0.0;0.0;0.0;0.0;0.0;0.0;0.0;0.0;0.0;0.0;0.0;0.0;0.0;0.0;0.0;0.0;0.0;0.0;0.0;0.0;0.0;0.0;0.0;0.0;0.0;0.0;0.0;0.0;0.0;0.0;0.0;0.0;0.0;0.0;0.0;0.0;0.0;0.0;0.0;0.0;0.0;0.0;0.0;0.0;0.0;0.0;10.0;14.0;0.0;0.0;0.0;2.0;0.0;0.0;0.0;0.0;0.0;0.0;0.0;0.0;0.0;0.0;0.0;0.0;0.0;0.0;0.0;0.0;0.0;0.0;0.0;0.0;2.0;2.0;2.0;0.0;0.0;0.0;0.0;0.0;0.0;0.0;0.0;0.0;0.0;0.0;2.0;0.0;0.0;0.0;0.0;0.0;0.0;0.0;0.0;0.0;0.0;0.0;0.0;0.0;0.0;0.0;0.0;0.0;0.0;0.0;0.0;0.0;0.0;0.0;2.0;0.0;0.0;0.0;0.0;0.0;0.0;0.0;0.0;0.0;0.0;0.0;0.0;0.0;0.0;0.0;0.0;0.0;0.0;0.0;0.0;0.0;0.0;0.0;0.0;0.0;0.0;0.0;0.0;0.0;0.0;0.0;0.0;0.0;0.0;0.0;0.0;0.0;0.0;0.0;0.0;0.0;0.0;0.0;0.0;0.0;0.0;0.0;0.0;0.0;0.0;0.0;0.0;0.0;2.0;0.0;0.0;0.0;0.0;0.0;0.0;0.0;0.0;0.0;0.0;0.0;0.0;0.0;0.0;0.0;0.0;0.0;0.0;0.0;0.0;0.0;0.0;0.0;0.0;0.0;0.0;0.0;0.0;0.0;0.0;0.0;0.0;0.0;0.0;0.0;0.0;0.0;0.0;0.0;0.0;0.0;0.0;0.0;0.0;0.0;0.0;0.0;0.0;0.0;0.0;0.0;0.0;0.0;0.0;0.0;0.0;0.0;0.0;0.0;0.0;0.0;0.0;0.0;0.0;0.0;0.0;0.0;0.0;0.0;0.0;0.0;0.0;0.0;0.0;0.0;0.0;0.0;0.0;0.0;0.0;0.0;0.0;0.0;0.0;0.0;0.0;0.0;0.0;0.0;0.0;0.0;0.0;0.0;0.0;0.0;0.0;2.0;0.0;0.0;0.0;0.0;0.0;0.0;0.0;0.0;0.0;0.0;0.0;0.0;0.0;0.0;0.0;0.0;0.0;0.0;0.0;0.0;0.0;0.0;0.0;0.0;0.0;0.0;0.0;0.0;0.0;0.0;0.0;0.0;0.0;0.0;0.0;0.0;0.0;0.0;0.0;0.0;0.0;0.0;0.0;0.0;0.0;0.0;0.0;0.0;0.0;0.0;0.0;0.0;0.0;0.0;0.0;0.0;0.0;0.0;0.0;0.0;0.0;0.0;0.0;0.0;0.0;0.0;0.0;0.0;0.0;0.0;0.0;0.0;0.0;0.0;0.0;0.0;0.0;0.0;0.0;0.0;0.0;0.0;0.0;0.0;0.0;0.0;0.0;0.0;0.0;0.0
421;GWS063BND125SS;440.0;425.0;338.0;468.0;502.0;448.0;0.0;402.0;384.0;462.0;433.0;523.0;636.0;0.0;957.0;772.0;529.0;680.0;863.0;753.0;0.0;675.0;617.0;718.0;726.0;757.0;638.0;0.0;507.0;471.0;465.0;537.0;752.0;177.0;5.0;896.0;774.0;773.0;943.0;817.0;386.0;0.0;368.0;398.0;212.0;326.0;308.0;540.0;0.0;366.0;394.0;388.0;322.0;204.0;254.0;0.0;188.0;498.0;995.0;1304.0;1597.0;584.0;36.0;822.0;488.0;484.0;758.0;583.0;385.0;0.0;455.0;414.0;356.0;430.0;550.0;958.0;4.0;898.0;708.0;901.0;812.0;1122.0;1357.0;41.0;1141.0;828.0;847.0;992.0;1161.0;718.0;3.0;620.0;699.0;676.0;806.0;831.0;850.0;0.0;964.0;1135.0;1077.0;166.0;1962.0;1847.0;2.0;1185.0;1194.0;1198.0;1371.0;1781.0;1114.0;0.0;1095.0;1095.0;950.0;1130.0;1344.0;1193.0;43.0;1123.0;1047.0;960.0;1195.0;1510.0;1231.0;2.0;1192.0;1083.0;1051.0;1079.0;1449.0;1269.0;0.0;1039.0;1173.0;1022.0;1079.0;1403.0;1272.0;0.0;1058.0;1018.0;963.0;1028.0;1245.0;1099.0;0.0;1027.0;965.0;948.0;1054.0;1281.0;1167.0;0.0;1012.0;1091.0;988.0;874.0;1246.0;1032.0;0.0;728.0;706.0;672.0;879.0;926.0;1042.0;0.0;818.0;1067.0;959.0;1200.0;1497.0;407.0;843.0;307.0;1037.0;1024.0;1296.0;1445.0;966.0;11.0;785.0;606.0;735.0;804.0;969.0;866.0;12.0;770.0;818.0;762.0;879.0;1045.0;905.0;5.0;783.0;1296.0;1601.0;1737.0;2163.0;1862.0;0.0;1486.0;1515.0;1645.0;1723.0;2324.0;2405.0;0.0;2534.0;2245.0;1713.0;2025.0;2708.0;1071.0;0.0;1542.0;1402.0;1174.0;1415.0;1946.0;1430.0;37.0;1416.0;1321.0;951.0;823.0;1011.0;860.0;0.0;704.0;627.0;577.0;747.0;927.0;771.0;0.0;594.0;598.0;604.0;702.0;840.0;727.0;60.0;1193.0;1276.0;1037.0;945.0;1130.0;610.0;0.0;44.0;0.0;2.0;6.0;4.0;4.0;0.0;4.0;0.0;2.0;0.0;0.0;2.0;0.0;0.0;0.0;4.0;2.0;0.0;0.0;0.0;2.0;2.0;4.0;0.0;0.0;2.0;0.0;0.0;2.0;0.0;0.0;0.0;2.0;0.0;2.0;2.0;2.0;0.0;2.0;0.0;0.0;4.0;2.0;2.0;0.0;0.0;2.0;0.0;2.0;0.0;0.0;0.0;0.0;0.0;0.0;0.0;0.0;0.0;2.0;0.0;0.0;0.0;2.0;0.0;0.0;4.0;0.0;0.0;0.0;4.0;2.0;2.0;2.0;0.0;2.0;0.0;2.0;2.0;2.0;2.0;2.0;0.0;0.0;0.0;2.0;2.0;0.0;0.0;0.0;0.0;0.0;2.0;4.0;0.0;2.0;2.0;0.0;0.0;0.0;0.0;0.0;0.0;0.0;0.0;2.0;0.0;0.0;0.0;2.0;2.0;0.0;0.0;0.0;0.0;0.0;0.0;0.0;0.0;0.0;0.0;0.0;2.0;2.0;0.0;0.0;0.0;0.0;0.0;0.0;0.0;0.0;0.0;0.0;0.0;0.0;0.0;0.0;0.0;0.0;0.0;0.0;0.0;0.0;0.0;0.0;0.0;0.0;2.0;0.0;0.0;0.0;2.0;0.0;0.0;0.0;0.0;0.0;2.0;0.0;0.0;0.0;0.0;0.0;0.0;0.0;0.0;0.0;0.0;0.0;0.0;0.0;0.0;0.0;0.0;0.0;0.0;0.0;0.0;0.0;0.0;0.0;0.0;0.0;0.0;0.0;0.0;0.0;0.0;0.0;0.0;0.0;0.0;0.0;0.0;0.0;0.0;0.0;0.0;0.0;0.0;0.0;0.0;0.0;0.0;0.0;0.0;0.0;0.0;0.0;0.0;0.0;0.0;0.0;0.0;0.0;0.0;0.0;0.0;0.0;0.0;0.0;0.0;0.0;0.0;0.0;0.0;0.0;0.0;0.0;0.0;0.0;0.0;0.0;2.0;0.0;0.0;0.0;0.0;0.0;0.0;0.0;0.0;0.0;0.0;0.0;0.0;0.0;0.0;0.0;0.0;0.0;0.0;0.0;0.0;0.0;0.0;0.0;0.0;0.0;0.0;0.0;0.0;0.0;0.0;0.0;0.0;0.0;0.0;0.0;0.0;0.0;0.0;0.0;0.0;2.0;0.0;0.0;0.0;0.0;0.0;0.0;0.0;0.0;0.0;0.0;0.0;0.0;0.0;0.0;0.0;0.0;0.0;0.0;0.0;0.0;0.0;0.0;0.0;0.0;0.0;0.0;0.0;0.0;0.0;0.0;0.0;0.0;0.0;0.0;0.0;0.0;0.0;0.0;0.0;0.0;0.0;0.0;0.0;0.0;2.0;0.0;0.0;0.0;0.0;0.0;0.0;0.0;0.0;0.0;0.0;0.0;0.0;0.0;0.0;0.0;0.0;0.0;0.0;0.0;0.0;0.0;0.0;0.0;0.0;0.0;0.0;0.0;0.0;0.0;0.0;0.0;0.0;0.0;0.0;0.0;0.0;0.0;0.0;0.0;0.0;0.0;0.0;0.0;0.0;0.0;0.0;0.0;0.0;0.0;0.0;0.0;0.0;0.0;0.0;0.0;0.0;0.0;0.0;0.0;0.0;0.0;2.0;2.0;0.0;0.0;0.0;2.0;2.0;0.0;2.0;0.0;0.0;0.0;0.0;0.0;0.0;0.0;0.0;0.0;0.0;0.0;0.0;0.0;0.0;0.0;0.0;0.0;0.0;0.0;0.0;0.0;0.0;0.0;0.0;0.0;0.0;0.0;0.0;0.0;0.0;0.0;0.0;0.0;0.0;0.0;0.0;0.0;0.0;0.0;0.0;0.0;0.0;0.0;0.0;0.0;0.0;0.0;0.0;0.0;0.0;0.0;0.0;0.0;0.0;0.0;0.0;0.0;0.0;0.0;0.0;0.0;0.0;0.0;0.0;0.0;0.0;0.0;0.0;0.0;0.0;0.0;0.0;0.0;0.0;0.0;0.0;0.0;0.0;0.0;0.0;0.0;0.0;0.0;0.0;0.0;0.0;0.0;0.0;0.0;0.0;0.0;0.0;0.0;0.0;0.0;0.0;0.0;0.0;0.0;0.0;0.0;0.0;0.0;0.0;0.0;0.0;0.0;0.0
422;GWS069BND125FS;332.0;366.0;251.0;338.0;369.0;346.0;0.0;258.0;262.0;192.0;226.0;291.0;313.0;0.0;216.0;257.0;177.0;221.0;249.0;751.0;0.0;416.0;383.0;475.0;463.0;486.0;357.0;6.0;265.0;238.0;231.0;367.0;256.0;68.0;1.0;264.0;234.0;215.0;230.0;278.0;232.0;0.0;212.0;186.0;128.0;177.0;193.0;248.0;6.0;214.0;176.0;147.0;188.0;181.0;524.0;0.0;808.0;716.0;497.0;486.0;865.0;235.0;4.0;382.0;312.0;440.0;212.0;280.0;240.0;0.0;106.0;101.0;72.0;101.0;121.0;76.0;0.0;151.0;108.0;122.0;76.0;58.0;83.0;14.0;74.0;82.0;71.0;70.0;72.0;96.0;0.0;91.0;73.0;81.0;105.0;65.0;275.0;0.0;488.0;309.0;405.0;30.0;293.0;289.0;0.0;226.0;177.0;107.0;89.0;85.0;91.0;0.0;71.0;95.0;77.0;56.0;55.0;65.0;0.0;76.0;85.0;73.0;49.0;76.0;69.0;0.0;99.0;75.0;103.0;112.0;78.0;109.0;0.0;126.0;409.0;198.0;240.0;378.0;386.0;0.0;522.0;325.0;393.0;267.0;255.0;143.0;0.0;175.0;53.0;98.0;95.0;55.0;79.0;0.0;68.0;67.0;52.0;63.0;55.0;65.0;0.0;76.0;68.0;56.0;54.0;84.0;79.0;0.0;54.0;56.0;43.0;64.0;81.0;55.0;19.0;12.0;64.0;61.0;58.0;47.0;54.0;0.0;40.0;45.0;52.0;55.0;43.0;62.0;0.0;50.0;23.0;47.0;63.0;52.0;57.0;0.0;47.0;53.0;30.0;45.0;35.0;63.0;0.0;50.0;49.0;51.0;51.0;48.0;55.0;0.0;61.0;41.0;39.0;53.0;40.0;61.0;0.0;59.0;38.0;39.0;53.0;40.0;54.0;2.0;42.0;49.0;40.0;75.0;38.0;48.0;0.0;45.0;53.0;31.0;40.0;32.0;40.0;0.0;26.0;39.0;41.0;31.0;22.0;27.0;0.0;31.0;23.0;25.0;37.0;14.0;20.0;0.0;24.0;4.0;29.0;23.0;25.0;31.0;0.0;19.0;23.0;20.0;22.0;20.0;37.0;0.0;16.0;30.0;11.0;16.0;22.0;22.0;0.0;12.0;24.0;19.0;16.0;24.0;21.0;0.0;17.0;13.0;23.0;15.0;36.0;20.0;0.0;15.0;20.0;20.0;8.0;16.0;16.0;0.0;24.0;26.0;16.0;16.0;24.0;22.0;6.0;18.0;26.0;8.0;14.0;6.0;12.0;0.0;2.0;18.0;2.0;2.0;0.0;0.0;0.0;2.0;4.0;2.0;4.0;0.0;0.0;0.0;0.0;0.0;2.0;6.0;0.0;2.0;0.0;2.0;2.0;6.0;4.0;2.0;0.0;0.0;0.0;6.0;12.0;10.0;10.0;6.0;0.0;2.0;10.0;4.0;4.0;2.0;2.0;0.0;0.0;2.0;0.0;0.0;0.0;2.0;0.0;2.0;0.0;2.0;0.0;0.0;0.0;0.0;0.0;2.0;0.0;2.0;2.0;0.0;0.0;4.0;2.0;0.0;0.0;2.0;2.0;0.0;0.0;4.0;0.0;4.0;0.0;0.0;0.0;2.0;0.0;0.0;0.0;0.0;0.0;0.0;0.0;2.0;0.0;0.0;0.0;0.0;0.0;2.0;0.0;0.0;2.0;0.0;0.0;0.0;2.0;0.0;0.0;2.0;0.0;0.0;0.0;0.0;0.0;0.0;0.0;0.0;0.0;0.0;0.0;0.0;0.0;0.0;0.0;0.0;0.0;0.0;0.0;0.0;2.0;0.0;0.0;0.0;0.0;0.0;0.0;0.0;0.0;0.0;0.0;0.0;0.0;0.0;0.0;0.0;0.0;0.0;0.0;0.0;2.0;4.0;2.0;0.0;0.0;0.0;0.0;0.0;0.0;0.0;0.0;0.0;2.0;0.0;0.0;0.0;0.0;0.0;0.0;2.0;0.0;0.0;0.0;0.0;0.0;0.0;2.0;2.0;2.0;0.0;0.0;0.0;0.0;6.0;0.0;0.0;0.0;0.0;0.0;0.0;0.0;0.0;0.0;2.0;0.0;0.0;0.0;0.0;0.0;0.0;0.0;2.0;0.0;0.0;0.0;0.0;2.0;0.0;0.0;0.0;0.0;0.0;0.0;0.0;0.0;0.0;0.0;0.0;0.0;0.0;0.0;0.0;0.0;0.0;0.0;0.0;0.0;2.0;0.0;0.0;2.0;0.0;0.0;2.0;0.0;0.0;0.0;0.0;0.0;0.0;0.0;0.0;0.0;0.0;0.0;0.0;0.0;0.0;0.0;0.0;0.0;0.0;0.0;0.0;0.0;0.0;0.0;0.0;2.0;0.0;0.0;0.0;2.0;0.0;2.0;2.0;0.0;0.0;0.0;2.0;0.0;0.0;0.0;0.0;0.0;0.0;0.0;0.0;4.0;4.0;0.0;6.0;0.0;6.0;0.0;0.0;0.0;0.0;0.0;0.0;0.0;0.0;0.0;2.0;0.0;0.0;0.0;0.0;2.0;0.0;2.0;0.0;0.0;0.0;0.0;0.0;0.0;0.0;0.0;0.0;0.0;0.0;0.0;0.0;0.0;0.0;4.0;0.0;0.0;0.0;0.0;0.0;0.0;2.0;0.0;0.0;0.0;0.0;2.0;0.0;0.0;2.0;0.0;2.0;0.0;0.0;0.0;2.0;0.0;0.0;0.0;0.0;0.0;0.0;0.0;0.0;0.0;0.0;0.0;0.0;0.0;0.0;0.0;0.0;0.0;0.0;0.0;0.0;0.0;0.0;0.0;2.0;0.0;0.0;0.0;0.0;0.0;0.0;0.0;0.0;0.0;0.0;0.0;0.0;0.0;0.0;0.0;0.0;0.0;0.0;0.0;0.0;0.0;0.0;0.0;0.0;2.0;0.0;0.0;0.0;0.0;0.0;0.0;0.0;0.0;0.0;0.0;0.0;0.0;0.0;0.0;0.0;0.0;0.0;0.0;0.0;0.0;0.0;0.0;0.0;0.0;0.0;0.0;0.0;0.0;0.0;0.0;0.0;0.0;0.0;0.0;0.0;0.0;0.0;0.0;0.0;0.0;0.0;0.0;0.0;0.0;0.0;0.0;0.0;0.0;0.0;0.0;0.0;0.0;0.0;0.0;0.0;0.0;0.0;0.0;0.0;0.0;0.0;0.0;0.0;0.0
444;GWX001BND100FS;326.0;288.0;448.0;1038.0;1422.0;1175.0;3.0;907.0;821.0;984.0;1175.0;1694.0;1046.0;6.0;553.0;573.0;480.0;582.0;840.0;650.0;0.0;577.0;476.0;550.0;490.0;743.0;464.0;4.0;370.0;290.0;289.0;392.0;407.0;145.0;11.0;726.0;526.0;571.0;688.0;908.0;872.0;0.0;648.0;493.0;458.0;501.0;603.0;491.0;11.0;430.0;416.0;488.0;642.0;625.0;463.0;0.0;329.0;368.0;454.0;469.0;704.0;229.0;6.0;760.0;602.0;673.0;614.0;674.0;401.0;0.0;317.0;306.0;304.0;281.0;355.0;448.0;0.0;399.0;341.0;326.0;398.0;449.0;338.0;6.0;300.0;599.0;1122.0;1176.0;1771.0;1211.0;3.0;996.0;1107.0;1040.0;1199.0;1691.0;1415.0;0.0;1042.0;570.0;315.0;158.0;426.0;366.0;0.0;231.0;269.0;248.0;324.0;390.0;578.0;0.0;397.0;406.0;611.0;623.0;739.0;576.0;4.0;525.0;488.0;527.0;546.0;722.0;687.0;0.0;605.0;464.0;348.0;343.0;560.0;475.0;0.0;404.0;384.0;376.0;397.0;537.0;614.0;0.0;522.0;663.0;677.0;624.0;734.0;482.0;0.0;365.0;357.0;326.0;351.0;474.0;586.0;0.0;537.0;447.0;367.0;423.0;504.0;354.0;0.0;285.0;310.0;261.0;288.0;320.0;332.0;0.0;244.0;267.0;270.0;291.0;427.0;135.0;212.0;74.0;250.0;270.0;305.0;339.0;313.0;284.0;726.0;702.0;731.0;707.0;853.0;441.0;161.0;704.0;587.0;437.0;406.0;502.0;756.0;2.0;579.0;504.0;552.0;531.0;765.0;337.0;0.0;377.0;376.0;311.0;333.0;449.0;378.0;0.0;323.0;263.0;238.0;213.0;302.0;300.0;0.0;214.0;277.0;268.0;306.0;352.0;304.0;4.0;306.0;277.0;339.0;290.0;401.0;351.0;0.0;300.0;223.0;234.0;253.0;339.0;625.0;0.0;316.0;446.0;577.0;484.0;715.0;391.0;50.0;324.0;363.0;327.0;339.0;539.0;474.0;0.0;340.0;128.0;278.0;286.0;304.0;259.0;0.0;226.0;218.0;246.0;256.0;357.0;278.0;0.0;217.0;152.0;196.0;186.0;319.0;298.0;0.0;17.0;41.0;9.0;43.0;59.0;43.0;0.0;31.0;33.0;7.0;0.0;0.0;0.0;0.0;0.0;0.0;2.0;0.0;0.0;0.0;0.0;0.0;2.0;0.0;0.0;0.0;0.0;0.0;0.0;0.0;2.0;0.0;0.0;0.0;0.0;0.0;0.0;2.0;0.0;0.0;0.0;0.0;0.0;0.0;0.0;0.0;0.0;0.0;0.0;0.0;0.0;0.0;0.0;0.0;0.0;0.0;0.0;0.0;0.0;0.0;0.0;0.0;0.0;0.0;0.0;0.0;0.0;0.0;0.0;0.0;0.0;0.0;0.0;0.0;0.0;0.0;0.0;0.0;0.0;0.0;0.0;0.0;0.0;0.0;0.0;0.0;0.0;0.0;0.0;0.0;0.0;0.0;0.0;0.0;0.0;0.0;0.0;0.0;0.0;0.0;0.0;0.0;0.0;0.0;0.0;0.0;0.0;0.0;0.0;0.0;0.0;0.0;0.0;0.0;2.0;0.0;0.0;0.0;0.0;0.0;0.0;0.0;0.0;0.0;0.0;0.0;0.0;0.0;0.0;0.0;0.0;0.0;0.0;0.0;0.0;0.0;0.0;0.0;0.0;0.0;0.0;0.0;0.0;0.0;0.0;0.0;0.0;0.0;0.0;0.0;0.0;0.0;0.0;0.0;0.0;0.0;0.0;0.0;0.0;0.0;0.0;0.0;0.0;0.0;0.0;0.0;0.0;0.0;0.0;0.0;0.0;2.0;0.0;0.0;0.0;0.0;0.0;0.0;0.0;0.0;0.0;0.0;0.0;0.0;0.0;4.0;0.0;0.0;0.0;0.0;0.0;0.0;0.0;0.0;0.0;0.0;0.0;0.0;0.0;0.0;0.0;0.0;0.0;2.0;0.0;0.0;0.0;0.0;0.0;0.0;0.0;0.0;2.0;0.0;0.0;0.0;0.0;0.0;0.0;0.0;0.0;0.0;0.0;0.0;0.0;0.0;0.0;0.0;0.0;0.0;0.0;0.0;0.0;0.0;0.0;0.0;0.0;0.0;0.0;0.0;0.0;0.0;0.0;0.0;0.0;0.0;0.0;2.0;0.0;0.0;0.0;0.0;0.0;0.0;0.0;0.0;0.0;0.0;0.0;0.0;0.0;0.0;0.0;0.0;0.0;0.0;0.0;0.0;0.0;0.0;0.0;0.0;0.0;0.0;0.0;0.0;0.0;0.0;0.0;0.0;0.0;0.0;0.0;0.0;0.0;0.0;0.0;0.0;0.0;0.0;0.0;0.0;0.0;0.0;0.0;0.0;2.0;0.0;0.0;0.0;0.0;0.0;0.0;0.0;0.0;0.0;0.0;0.0;0.0;0.0;0.0;0.0;0.0;0.0;0.0;0.0;0.0;2.0;0.0;0.0;0.0;0.0;0.0;0.0;0.0;0.0;0.0;0.0;0.0;0.0;0.0;0.0;0.0;0.0;0.0;0.0;0.0;0.0;0.0;0.0;0.0;0.0;0.0;0.0;0.0;0.0;0.0;0.0;0.0;0.0;0.0;0.0;0.0;0.0;0.0;0.0;0.0;0.0;0.0;2.0;0.0;0.0;0.0;0.0;0.0;0.0;0.0;0.0;0.0;0.0;0.0;0.0;0.0;0.0;0.0;0.0;0.0;0.0;0.0;0.0;0.0;0.0;0.0;0.0;0.0;0.0;0.0;2.0;0.0;0.0;0.0;0.0;0.0;0.0;0.0;0.0;0.0;0.0;0.0;0.0;0.0;0.0;0.0;0.0;0.0;0.0;0.0;0.0;0.0;0.0;0.0;0.0;0.0;0.0;0.0;0.0;0.0;0.0;0.0;0.0;0.0;0.0;0.0;0.0;0.0;0.0;0.0;0.0;0.0;0.0;0.0;0.0;0.0;0.0;0.0;0.0;0.0;0.0;0.0;0.0;0.0;0.0;0.0;0.0;0.0;0.0;0.0;0.0;0.0;0.0;0.0;0.0;0.0;0.0;0.0;0.0;0.0;0.0;0.0;0.0;0.0;0.0;0.0;0.0;0.0;0.0;0.0;0.0;0.0;0.0;0.0;0.0;0.0;0.0;0.0;0.0;0.0;0.0
